video_id,w_skel,w_int,w_obj,w_vit,true_label,pred_prob
val_Fight_0Ow4cotKOuw_0_fbe2f865,0.20551133155822754,0.24784833192825317,0.27642637491226196,0.27021393179893494,1,0.947016179561615
val_Fight_0Ow4cotKOuw_1_a8114f89,0.20551133155822754,0.24784833192825317,0.27642637491226196,0.27021393179893494,1,0.9427339434623718
val_Fight_0Ow4cotKOuw_2_f5eff0a7,0.20551133155822754,0.24784833192825317,0.27642637491226196,0.27021393179893494,1,0.938407838344574
val_Fight_0Ow4cotKOuw_3_6744c31e,0.20551133155822754,0.24784833192825317,0.27642637491226196,0.27021393179893494,1,0.9393641948699951
val_Fight_0Ow4cotKOuw_4_8dc83960,0.20551133155822754,0.24784833192825317,0.27642637491226196,0.27021393179893494,1,0.9393154382705688
val_Fight_1Kbw1bUw_0_8d5f9b55,0.2671947181224823,0.1850963532924652,0.22446292638778687,0.32324597239494324,1,0.40822499990463257
val_Fight_1Kbw1bUw_1_79fd23be,0.2713921070098877,0.18785125017166138,0.23398680984973907,0.30676984786987305,1,0.09618163108825684
val_Fight_1Kbw1bUw_2_3050bfd7,0.2739139795303345,0.19149522483348846,0.23400993645191193,0.3005808889865875,1,0.0677030012011528
val_Fight_1Kbw1bUw_3_4e7219fe,0.2042824774980545,0.21201159060001373,0.20005451142787933,0.3836514353752136,1,0.08766450732946396
val_Fight_1MVS2QPWbHc_0_fd77f79c,0.2737010717391968,0.1916441172361374,0.2342716008424759,0.30038321018218994,1,0.9416217803955078
val_Fight_1MVS2QPWbHc_1_50367117,0.20551133155822754,0.24784833192825317,0.27642637491226196,0.27021393179893494,1,0.30393579602241516
val_Fight_1MVS2QPWbHc_2_d8363199,0.2734226882457733,0.19183874130249023,0.234613835811615,0.3001247048377991,1,0.9459906220436096
val_Fight_1MVS2QPWbHc_3_2e1f0cd5,0.2719710171222687,0.19285261631011963,0.23640139400959015,0.29877495765686035,1,0.9496979713439941
val_Fight_1MVS2QPWbHc_4_5b647f69,0.20551133155822754,0.24784833192825317,0.27642637491226196,0.27021393179893494,1,0.950614869594574
val_Fight_1MVS2QPWbHc_5_bd88e8cc,0.270639568567276,0.1930118054151535,0.2384248822927475,0.2979237139225006,1,0.495567262172699
val_Fight_39BFeYnbu-I_0_3651ff94,0.2738695442676544,0.19152626395225525,0.2340644896030426,0.30053967237472534,1,0.9533560872077942
val_Fight_39BFeYnbu-I_1_a3e1c029,0.26280948519706726,0.1968509703874588,0.2489970475435257,0.29134249687194824,1,0.9510659575462341
val_Fight_39BFeYnbu-I_2_4aec33c6,0.20551133155822754,0.24784833192825317,0.27642637491226196,0.27021393179893494,1,0.943839430809021
val_Fight_39BFeYnbu-I_3_3aea9677,0.20551133155822754,0.24784833192825317,0.27642637491226196,0.27021393179893494,1,0.9482689499855042
val_Fight_39BFeYnbu-I_4_df7728be,0.20551133155822754,0.24784833192825317,0.27642637491226196,0.27021393179893494,1,0.9488415122032166
val_Fight_39BFeYnbu-I_5_650e46d,0.2739139795303345,0.19149522483348846,0.23400993645191193,0.3005808889865875,1,0.9501312375068665
val_Fight_39BFeYnbu-I_6_529aa974,0.2737010717391968,0.1916441172361374,0.2342716008424759,0.30038321018218994,1,0.9487722516059875
val_Fight_39BFeYnbu-I_7_aaa30a97,0.27389422059059143,0.19150902330875397,0.23403416574001312,0.3005625605583191,1,0.9528066515922546
val_Fight_39BFeYnbu-I_8_3f4cbdc2,0.27384480834007263,0.1915436089038849,0.23409494757652283,0.30051666498184204,1,0.9543477296829224
val_Fight_48J5lk4QcpE_0_8384d93b,0.2734226882457733,0.19183874130249023,0.234613835811615,0.3001247048377991,1,0.9166802763938904
val_Fight_48J5lk4QcpE_1_a878ac2c,0.27379921078681946,0.19157549738883972,0.2341509312391281,0.3004743754863739,1,0.9145678281784058
val_Fight_48J5lk4QcpE_2_b7570a2d,0.27391186356544495,0.19149670004844666,0.23401249945163727,0.3005789518356323,1,0.9053304195404053
val_Fight_48J5lk4QcpE_3_afda3344,0.2739197313785553,0.19149120151996613,0.23400285840034485,0.3005862236022949,1,0.1793832778930664
val_Fight_6Rl7q_kXYbg_0_99efc56,0.2567906677722931,0.19666805863380432,0.2923611104488373,0.2541801631450653,1,0.12498459219932556
val_Fight_6Rl7q_kXYbg_1_bdadbb0,0.26450252532958984,0.19599024951457977,0.246712788939476,0.29279443621635437,1,0.8423904180526733
val_Fight_6Rl7q_kXYbg_2_7e3d916a,0.2541322708129883,0.19566524028778076,0.2875416576862335,0.26266080141067505,1,0.7449816465377808
val_Fight_6Rl7q_kXYbg_3_dd0dfbf0,0.2133767157793045,0.19138655066490173,0.2235296219587326,0.37170714139938354,1,0.828187882900238
val_Fight_6Rl7q_kXYbg_4_e0c729a,0.23767556250095367,0.18734624981880188,0.23909491300582886,0.33588331937789917,1,0.3819464147090912
val_Fight_6Rl7q_kXYbg_5_69ae1077,0.20167575776576996,0.21792225539684296,0.20062895119190216,0.37977299094200134,1,0.7112969756126404
val_Fight_7gLKFV5voOg_0_36a2d405,0.2737010717391968,0.1916441172361374,0.2342716008424759,0.30038321018218994,1,0.9430345296859741
val_Fight_7gLKFV5voOg_1_2cf30ad4,0.27392035722732544,0.19149073958396912,0.23400205373764038,0.3005868196487427,1,0.943268358707428
val_Fight_83d-16REC40_0_f5a98f2a,0.2695513963699341,0.2060360312461853,0.24387098848819733,0.2805415987968445,1,0.934806227684021
val_Fight_83d-16REC40_1_36ca945a,0.27389422059059143,0.19150902330875397,0.23403416574001312,0.3005625605583191,1,0.9301544427871704
val_Fight_A7FCl8G35Cs_0_2106d608,0.26965439319610596,0.20598119497299194,0.2437535673379898,0.2806108295917511,1,0.9354278445243835
val_Fight_A7FCl8G35Cs_1_95aac293,0.2730526924133301,0.19617126882076263,0.2368047833442688,0.2939712703227997,1,0.7710364460945129
val_Fight_ASGGSDG_183_6b11e18c,0.24923844635486603,0.20053450763225555,0.2808483839035034,0.269378662109375,1,0.9290703535079956
val_Fight_EFv961C5RgY_0_dba935e1,0.2583461105823517,0.18408116698265076,0.21622145175933838,0.34135130047798157,1,0.9591086506843567
val_Fight_EFv961C5RgY_1_b06e21ee,0.2719710171222687,0.19285261631011963,0.23640139400959015,0.29877495765686035,1,0.9510316848754883
val_Fight_FXC43fACfPc_0_86ef2ceb,0.2739213705062866,0.191490039229393,0.2340007871389389,0.3005877733230591,1,0.9150772094726562
val_Fight_FXC43fACfPc_1_144e6fe6,0.26823854446411133,0.19592943787574768,0.24232810735702515,0.29350388050079346,1,0.42597708106040955
val_Fight_FXC43fACfPc_2_eff13447,0.24923844635486603,0.20053450763225555,0.2808483839035034,0.269378662109375,1,0.8971336483955383
val_Fight_FXC43fACfPc_3_70134286,0.2724783718585968,0.19214963912963867,0.23594693839550018,0.29942506551742554,1,0.9235152006149292
val_Fight_I-QiUMPTWNE_0_c850dcf2,0.20551133155822754,0.24784833192825317,0.27642637491226196,0.27021393179893494,1,0.9158605933189392
val_Fight_I-QiUMPTWNE_1_95a83525,0.20551133155822754,0.24784833192825317,0.27642637491226196,0.27021393179893494,1,0.3748873472213745
val_Fight_I-QiUMPTWNE_2_a8ac81f,0.20551133155822754,0.24784833192825317,0.27642637491226196,0.27021393179893494,1,0.7700937986373901
val_Fight_I-QiUMPTWNE_3_37935a2b,0.20551133155822754,0.24784833192825317,0.27642637491226196,0.27021393179893494,1,0.9433344006538391
val_Fight_I-QiUMPTWNE_4_3d5d3c2f,0.20551133155822754,0.24784833192825317,0.27642637491226196,0.27021393179893494,1,0.928165853023529
val_Fight_I-QiUMPTWNE_5_88632796,0.20551133155822754,0.24784833192825317,0.27642637491226196,0.27021393179893494,1,0.9207537174224854
val_Fight_I-QiUMPTWNE_6_1603acee,0.20551133155822754,0.24784833192825317,0.27642637491226196,0.27021393179893494,1,0.923169732093811
val_Fight_I-QiUMPTWNE_7_f4d28e11,0.20551133155822754,0.24784833192825317,0.27642637491226196,0.27021393179893494,1,0.9064753651618958
val_Fight_I-QiUMPTWNE_8_a4242d9e,0.2719710171222687,0.19285261631011963,0.23640139400959015,0.29877495765686035,1,0.1509225219488144
val_Fight_JECBfnp2ZXc_0_b36d0b4f,0.2739056646823883,0.19150102138519287,0.23402012884616852,0.3005731701850891,1,0.6131487488746643
val_Fight_JECBfnp2ZXc_1_e5e41588,0.2739208936691284,0.19149038195610046,0.23400138318538666,0.30058732628822327,1,0.9286674857139587
val_Fight_JECBfnp2ZXc_2_570934e3,0.2739197313785553,0.19149120151996613,0.23400285840034485,0.3005862236022949,1,0.9474675059318542
val_Fight_JECBfnp2ZXc_3_db8b0b80,0.2739213705062866,0.191490039229393,0.2340007871389389,0.3005877733230591,1,0.9350722432136536
val_Fight_JECBfnp2ZXc_4_c8872f35,0.2739156484603882,0.19149406254291534,0.23400788009166718,0.3005824387073517,1,0.7754818797111511
val_Fight_JECBfnp2ZXc_5_73e06a07,0.2739180326461792,0.19149236381053925,0.2340048998594284,0.30058467388153076,1,0.21320945024490356
val_Fight_JECBfnp2ZXc_6_46325b52,0.2739008963108063,0.1915043592453003,0.2340259701013565,0.30056875944137573,1,0.9002572894096375
val_Fight_MxkTo5F-nvU_0_5f329300,0.2739189565181732,0.1914917230606079,0.23400379717350006,0.30058553814888,1,0.07620494812726974
val_Fight_MxkTo5F-nvU_1_a76815d,0.20551133155822754,0.24784833192825317,0.27642637491226196,0.27021393179893494,1,0.8781119585037231
val_Fight_MxkTo5F-nvU_2_8fc7eeb1,0.27388450503349304,0.19151580333709717,0.2340461164712906,0.3005535304546356,1,0.2146066278219223
val_Fight_MxkTo5F-nvU_3_747b5dc8,0.2739156484603882,0.19149406254291534,0.23400788009166718,0.3005824387073517,1,0.9443393349647522
val_Fight_MxkTo5F-nvU_4_9c57502d,0.2739180326461792,0.19149236381053925,0.2340048998594284,0.30058467388153076,1,0.9286848902702332
val_Fight_OvDMIkTb4XU_0_4efc31c8,0.24668706953525543,0.20304633677005768,0.2766425907611847,0.2736240029335022,1,0.9344543814659119
val_Fight_OvDMIkTb4XU_1_9a03a6a8,0.2582595944404602,0.19534257054328918,0.2954101264476776,0.2509876787662506,1,0.8007091879844666
val_Fight_OvDMIkTb4XU_2_e5e4dafb,0.254216730594635,0.19765210151672363,0.2882380783557892,0.2598930895328522,1,0.8631646037101746
val_Fight_OvDMIkTb4XU_3_568ddf21,0.2540687918663025,0.19661149382591248,0.287672221660614,0.2616475224494934,1,0.8903459310531616
val_Fight_OvDMIkTb4XU_4_20f29b33,0.2725982964038849,0.19047197699546814,0.2351086288690567,0.30182114243507385,1,0.9275810718536377
val_Fight_Q0v2MB0b_0_d0dd4d35,0.24783970415592194,0.20189815759658813,0.2784835994243622,0.27177855372428894,1,0.8789680004119873
val_Fight_Qj3oZsaqNGE_0_f8c5a7ce,0.2473255842924118,0.2024063616991043,0.27764734625816345,0.27262064814567566,1,0.9329198002815247
val_Fight_Qj3oZsaqNGE_1_188d1e9a,0.24699941277503967,0.20475129783153534,0.27165845036506653,0.2765907943248749,1,0.9440085291862488
val_Fight_Qtcwz_K2Gvo_0_4a2a7377,0.27391695976257324,0.19149312376976013,0.23400625586509705,0.3005836606025696,1,0.9528038501739502
val_Fight_Qtcwz_K2Gvo_1_2bbeadaa,0.2641333341598511,0.19617579877376556,0.24721139669418335,0.2924794852733612,1,0.9500800371170044
val_Fight_RETYTDF_523_7c9b09bf,0.2739156484603882,0.19149406254291534,0.23400788009166718,0.3005824387073517,1,0.9405204057693481
val_Fight_RETYTDF_524_38a283a3,0.20551133155822754,0.24784833192825317,0.27642637491226196,0.27021393179893494,1,0.9197376370429993
val_Fight_RIXaF_TkLlU_0_20bc0c7d,0.2739208936691284,0.19149038195610046,0.23400138318538666,0.30058732628822327,1,0.8741993308067322
val_Fight_RIXaF_TkLlU_1_794b036a,0.2737010717391968,0.1916441172361374,0.2342716008424759,0.30038321018218994,1,0.8846390843391418
val_Fight_RIXaF_TkLlU_2_53d31af2,0.26961883902549744,0.19349855184555054,0.23980054259300232,0.2970820665359497,1,0.9428130984306335
val_Fight_RIXaF_TkLlU_3_b7580d03,0.27247461676597595,0.18720978498458862,0.22997309267520905,0.3103425204753876,1,0.9458664655685425
val_Fight_RIXaF_TkLlU_4_3778a0c0,0.27391186356544495,0.19149670004844666,0.23401249945163727,0.3005789518356323,1,0.9372260570526123
val_Fight_RIXaF_TkLlU_5_3276c651,0.20551133155822754,0.24784833192825317,0.27642637491226196,0.27021393179893494,1,0.9332930445671082
val_Fight_RTHTRS_697_d8e08bf0,0.20551133155822754,0.24784833192825317,0.27642637491226196,0.27021393179893494,1,0.9232468605041504
val_Fight_RTHTRS_698_b04a35e9,0.20551133155822754,0.24784833192825317,0.27642637491226196,0.27021393179893494,1,0.9293392300605774
val_Fight_RTHTRS_699_3f3b94a9,0.20551133155822754,0.24784833192825317,0.27642637491226196,0.27021393179893494,1,0.9412032961845398
val_Fight_RTHTRS_705_e7063f7d,0.20551133155822754,0.24784833192825317,0.27642637491226196,0.27021393179893494,1,0.918525218963623
val_Fight_RTHTRS_706_ee97b9ef,0.27379921078681946,0.19157549738883972,0.2341509312391281,0.3004743754863739,1,0.9500959515571594
val_Fight_RTHTRS_707_52d90c81,0.27379921078681946,0.19157549738883972,0.2341509312391281,0.3004743754863739,1,0.9470623731613159
val_Fight_RTHTRS_717_2bdea995,0.2719710171222687,0.19285261631011963,0.23640139400959015,0.29877495765686035,1,0.9458509087562561
val_Fight_RTHTRS_718_8ad4651d,0.20551133155822754,0.24784833192825317,0.27642637491226196,0.27021393179893494,1,0.9451049566268921
val_Fight_RTHTRS_719_fc8b9dc5,0.2719710171222687,0.19285261631011963,0.23640139400959015,0.29877495765686035,1,0.910402774810791
val_Fight_RTHTRS_720_34185bbd,0.2737010717391968,0.1916441172361374,0.2342716008424759,0.30038321018218994,1,0.8811839818954468
val_Fight_Ry5c1PbcIa0_0_e0573c1c,0.2737010717391968,0.1916441172361374,0.2342716008424759,0.30038321018218994,1,0.8563385009765625
val_Fight_SDFDSSDF_972_55e50a06,0.20551133155822754,0.24784833192825317,0.27642637491226196,0.27021393179893494,1,0.9150487780570984
val_Fight_SDFDSSDF_973_c4a3ec6,0.20551133155822754,0.24784833192825317,0.27642637491226196,0.27021393179893494,1,0.9425721168518066
val_Fight_SDFDSSDF_974_81124de0,0.27379921078681946,0.19157549738883972,0.2341509312391281,0.3004743754863739,1,0.9540765285491943
val_Fight_SDFDSSDF_976_80813f8a,0.20551133155822754,0.24784833192825317,0.27642637491226196,0.27021393179893494,1,0.9128867983818054
val_Fight_SDFDSSDF_977_af5353e3,0.20551133155822754,0.24784833192825317,0.27642637491226196,0.27021393179893494,1,0.9497736692428589
val_Fight_SDFDSSDF_978_6096c976,0.2738695442676544,0.19152626395225525,0.2340644896030426,0.30053967237472534,1,0.9507495760917664
val_Fight_SJRnWfHAx_E_0_68c1d651,0.27392178773880005,0.19148974120616913,0.2340003103017807,0.3005881607532501,1,0.927149772644043
val_Fight_SJRnWfHAx_E_1_1cf19db5,0.2583461105823517,0.18408116698265076,0.21622145175933838,0.34135130047798157,1,0.9376267194747925
val_Fight_SJRnWfHAx_E_2_6262659b,0.2309097796678543,0.2162303626537323,0.2908329367637634,0.26202690601348877,1,0.8992323875427246
val_Fight_SJRnWfHAx_E_4_d04b5699,0.27392297983169556,0.19148890674114227,0.2339988350868225,0.30058926343917847,1,0.81386798620224
val_Fight_TYRFDVD_1104_41985255,0.20551133155822754,0.24784833192825317,0.27642637491226196,0.27021393179893494,1,0.9355979561805725
val_Fight_TYRFDVD_1105_a333d349,0.20551133155822754,0.24784833192825317,0.27642637491226196,0.27021393179893494,1,0.9162522554397583
val_Fight_TYRFDVD_1106_dba25d2b,0.2739156484603882,0.19149406254291534,0.23400788009166718,0.3005824387073517,1,0.1127590760588646
val_Fight_TYRFDVD_1109_4b4e2b57,0.20551133155822754,0.24784833192825317,0.27642637491226196,0.27021393179893494,1,0.8392548561096191
val_Fight_TYRFDVD_1110_5156772c,0.2734226882457733,0.19183874130249023,0.234613835811615,0.3001247048377991,1,0.8749181628227234
val_Fight_TYRFDVD_1112_218067a1,0.2739197313785553,0.19149120151996613,0.23400285840034485,0.3005862236022949,1,0.09400638937950134
val_Fight_TYRFDVD_1113_9efdc4ab,0.2719710171222687,0.19285261631011963,0.23640139400959015,0.29877495765686035,1,0.9189478158950806
val_Fight_Wq0BuA8GM84_0_49cbccaa,0.27024587988853455,0.19115296006202698,0.23812326788902283,0.30047789216041565,1,0.9505314230918884
val_Fight_XM0NI7ZmwWM_0_b23df199,0.20551133155822754,0.24784833192825317,0.27642637491226196,0.27021393179893494,1,0.20678460597991943
val_Fight_XM0NI7ZmwWM_1_81dadd09,0.20551133155822754,0.24784833192825317,0.27642637491226196,0.27021393179893494,1,0.1833750307559967
val_Fight_XM0NI7ZmwWM_2_cc5fa991,0.20551133155822754,0.24784833192825317,0.27642637491226196,0.27021393179893494,1,0.08952265232801437
val_Fight_XM0NI7ZmwWM_3_f3d52d7,0.20551133155822754,0.24784833192825317,0.27642637491226196,0.27021393179893494,1,0.12004075199365616
val_Fight_Xcd0v-KhKL4_0_93d832e6,0.2738695442676544,0.19152626395225525,0.2340644896030426,0.30053967237472534,1,0.9468583464622498
val_Fight_YDOJvzChqSg_0_c9cb43f0,0.2488950937986374,0.20394332706928253,0.2680318057537079,0.2791297733783722,1,0.9384976029396057
val_Fight_YDOJvzChqSg_1_64f76885,0.2591935694217682,0.19251607358455658,0.25157198309898376,0.29671841859817505,1,0.9363678693771362
val_Fight_YDOJvzChqSg_2_ce890ebb,0.26311516761779785,0.1930748075246811,0.2472066581249237,0.29660335183143616,1,0.9470165371894836
val_Fight_YDOJvzChqSg_3_7ac70f0f,0.26541537046432495,0.19108854234218597,0.24369823932647705,0.29979783296585083,1,0.9202790856361389
val_Fight_YDOJvzChqSg_4_a12cf991,0.2661670744419098,0.19318674504756927,0.24369287490844727,0.29695335030555725,1,0.9521045088768005
val_Fight_bW2vHhYbzHM_0_da059242,0.24883094429969788,0.205518439412117,0.26878899335861206,0.2768615782260895,1,0.09549716860055923
val_Fight_e5Dmmply_0_7b629eea,0.20551133155822754,0.24784833192825317,0.27642637491226196,0.27021393179893494,1,0.9447023272514343
val_Fight_e5Dmmply_1_ab929a43,0.20551133155822754,0.24784833192825317,0.27642637491226196,0.27021393179893494,1,0.9442239999771118
val_Fight_e5Dmmply_2_3991a085,0.27390918135643005,0.1914985626935959,0.23401577770709991,0.30057644844055176,1,0.9459726214408875
val_Fight_etyiEs3j8x8_0_6375f426,0.2737010717391968,0.1916441172361374,0.2342716008424759,0.30038321018218994,1,0.9472097754478455
val_Fight_etyiEs3j8x8_1_5cd14a17,0.27391186356544495,0.19149670004844666,0.23401249945163727,0.3005789518356323,1,0.933474063873291
val_Fight_etyiEs3j8x8_2_975e02a,0.257840096950531,0.2020464837551117,0.25664767622947693,0.28346574306488037,1,0.9272274374961853
val_Fight_etyiEs3j8x8_3_734a0817,0.2734226882457733,0.19183874130249023,0.234613835811615,0.3001247048377991,1,0.9147072434425354
val_Fight_etyiEs3j8x8_4_9645a76a,0.2737010717391968,0.1916441172361374,0.2342716008424759,0.30038321018218994,1,0.9440566301345825
val_Fight_etyiEs3j8x8_5_671515b7,0.20551133155822754,0.24784833192825317,0.27642637491226196,0.27021393179893494,1,0.9419872164726257
val_Fight_etyiEs3j8x8_8_5d0f02b8,0.27384480834007263,0.1915436089038849,0.23409494757652283,0.30051666498184204,1,0.9532300233840942
val_Fight_fbtEhNq5a6E_0_96f22b4c,0.2715144157409668,0.18669281899929047,0.22873349487781525,0.3130592405796051,1,0.9390301704406738
val_Fight_g-qjkePEXQA_0_55357c5f,0.2739008963108063,0.1915043592453003,0.2340259701013565,0.30056875944137573,1,0.9410197138786316
val_Fight_g-qjkePEXQA_1_20477209,0.2685002088546753,0.19403766095638275,0.24130859971046448,0.2961535155773163,1,0.9520174860954285
val_Fight_g-qjkePEXQA_2_6d6e8c3a,0.2670494019985199,0.19473662972450256,0.24326974153518677,0.29494422674179077,1,0.9284701347351074
val_Fight_g-qjkePEXQA_3_65c17f54,0.24668580293655396,0.2030486762523651,0.2766438126564026,0.27362170815467834,1,0.9168685078620911
val_Fight_g6jdqkcdgqk_1_bf987088,0.2719710171222687,0.19285261631011963,0.23640139400959015,0.29877495765686035,1,0.9441834092140198
val_Fight_g6jdqkcdgqk_2_3403a2bf,0.20551133155822754,0.24784833192825317,0.27642637491226196,0.27021393179893494,1,0.9147048592567444
val_Fight_g6jdqkcdgqk_3_dc85aad8,0.2583461105823517,0.18408116698265076,0.21622145175933838,0.34135130047798157,1,0.15071173012256622
val_Fight_g6jdqkcdgqk_4_62b278ba,0.20551133155822754,0.24784833192825317,0.27642637491226196,0.27021393179893494,1,0.9164784550666809
val_Fight_g6jdqkcdgqk_5_b427aea6,0.20167575776576996,0.21792232990264893,0.20062896609306335,0.37977299094200134,1,0.9449485540390015
val_Fight_hytjfg_354_741b7979,0.20551133155822754,0.24784833192825317,0.27642637491226196,0.27021393179893494,1,0.9457592964172363
val_Fight_mwuiYEBdkJs_0_15594a71,0.2739008963108063,0.1915043592453003,0.2340259701013565,0.30056875944137573,1,0.9168210029602051
val_Fight_mwuiYEBdkJs_1_c291cf6e,0.2739189565181732,0.1914917230606079,0.23400379717350006,0.30058553814888,1,0.8395728468894958
val_Fight_mwuiYEBdkJs_2_1f74542e,0.2734226882457733,0.19183874130249023,0.234613835811615,0.3001247048377991,1,0.8174455761909485
val_Fight_mwuiYEBdkJs_3_87b41cdc,0.27392178773880005,0.19148974120616913,0.2340003103017807,0.3005881607532501,1,0.925672173500061
val_Fight_mwuiYEBdkJs_4_e8678598,0.2718125879764557,0.19245941936969757,0.23684421181678772,0.2988837957382202,1,0.9196943044662476
val_Fight_mwuiYEBdkJs_5_76b41f1f,0.20551133155822754,0.24784833192825317,0.27642637491226196,0.27021393179893494,1,0.7596701979637146
val_Fight_nVdn1krnTCQ_0_a84a9af2,0.2737010717391968,0.1916441172361374,0.2342716008424759,0.30038321018218994,1,0.9509497284889221
val_Fight_nVdn1krnTCQ_1_b72fdece,0.2590335011482239,0.19876421988010406,0.25412118434906006,0.2880811393260956,1,0.9430984258651733
val_Fight_nVdn1krnTCQ_2_82758bab,0.27391186356544495,0.19149670004844666,0.23401249945163727,0.3005789518356323,1,0.952019989490509
val_Fight_nVdn1krnTCQ_3_3c79738d,0.2721288800239563,0.19014357030391693,0.2355106770992279,0.30221685767173767,1,0.9442591071128845
val_Fight_nVdn1krnTCQ_4_abfc8deb,0.27102234959602356,0.1865207999944687,0.22825729846954346,0.3141995668411255,1,0.9386220574378967
val_Fight_nVdn1krnTCQ_6_9cc5658a,0.27389422059059143,0.19150902330875397,0.23403416574001312,0.3005625605583191,1,0.2590743601322174
val_Fight_nuf-d5GugL0_0_fc12a19b,0.20551133155822754,0.24784833192825317,0.27642637491226196,0.27021393179893494,1,0.8359704613685608
val_Fight_nuf-d5GugL0_10_b4a14d2c,0.20551133155822754,0.24784833192825317,0.27642637491226196,0.27021393179893494,1,0.9325255155563354
val_Fight_nuf-d5GugL0_1_174b4717,0.20551133155822754,0.24784833192825317,0.27642637491226196,0.27021393179893494,1,0.9283501505851746
val_Fight_nuf-d5GugL0_2_ff6e2bc9,0.20551133155822754,0.24784833192825317,0.27642637491226196,0.27021393179893494,1,0.9388830065727234
val_Fight_nuf-d5GugL0_3_c4fbe8da,0.20551133155822754,0.24784833192825317,0.27642637491226196,0.27021393179893494,1,0.9466879963874817
val_Fight_nuf-d5GugL0_4_ee9556ee,0.20551133155822754,0.24784833192825317,0.27642637491226196,0.27021393179893494,1,0.9292803406715393
val_Fight_nuf-d5GugL0_5_d8e6bc79,0.20551133155822754,0.24784833192825317,0.27642637491226196,0.27021393179893494,1,0.9420897364616394
val_Fight_nuf-d5GugL0_6_68551aae,0.20551133155822754,0.24784833192825317,0.27642637491226196,0.27021393179893494,1,0.9516566395759583
val_Fight_nuf-d5GugL0_7_a7333157,0.20551133155822754,0.24784833192825317,0.27642637491226196,0.27021393179893494,1,0.9454193115234375
val_Fight_nuf-d5GugL0_9_25513cbf,0.20551133155822754,0.24784833192825317,0.27642637491226196,0.27021393179893494,1,0.9063849449157715
val_Fight_qaAclucigpY_0_6938e855,0.27391695976257324,0.19149312376976013,0.23400625586509705,0.3005836606025696,1,0.9547666907310486
val_Fight_qaAclucigpY_1_705f06c6,0.27390918135643005,0.1914985626935959,0.23401577770709991,0.30057644844055176,1,0.9405249357223511
val_Fight_qaAclucigpY_2_f656cf81,0.27392035722732544,0.19149073958396912,0.23400205373764038,0.3005868196487427,1,0.9298046231269836
val_Fight_qaAclucigpY_3_dc355379,0.27389422059059143,0.19150902330875397,0.23403416574001312,0.3005625605583191,1,0.8509774208068848
val_Fight_tf_X7GtOGyE_0_ca9e8810,0.20551133155822754,0.24784833192825317,0.27642637491226196,0.27021393179893494,1,0.9282147288322449
val_Fight_tf_X7GtOGyE_1_b730b22b,0.2734226882457733,0.19183874130249023,0.234613835811615,0.3001247048377991,1,0.9544578790664673
val_Fight_tf_X7GtOGyE_2_f3d8b449,0.2734226882457733,0.19183874130249023,0.234613835811615,0.3001247048377991,1,0.9507575631141663
val_Fight_tf_X7GtOGyE_3_232e2ceb,0.27388450503349304,0.19151580333709717,0.2340461164712906,0.3005535304546356,1,0.9541050791740417
val_Fight_trtrhrt_1039_ac7bf974,0.20551133155822754,0.24784833192825317,0.27642637491226196,0.27021393179893494,1,0.9333288073539734
val_Fight_trtrhrt_1040_dbd3dee3,0.20551133155822754,0.24784833192825317,0.27642637491226196,0.27021393179893494,1,0.9435468316078186
val_Fight_trtrhrt_1048_5f9e2656,0.2650943100452423,0.19570930302143097,0.24590599536895752,0.293290376663208,1,0.9524323344230652
val_Fight_trtrhrt_1049_3525a329,0.27389422059059143,0.19150902330875397,0.23403416574001312,0.3005625605583191,1,0.956866443157196
val_Fight_trtrhrt_1050_8cafa3d5,0.27388450503349304,0.19151580333709717,0.2340461164712906,0.3005535304546356,1,0.9540083408355713
val_Fight_trtrhrt_1053_e64f8782,0.2677250802516937,0.1944075971841812,0.24235741794109344,0.2955099046230316,1,0.9448617100715637
val_Fight_trtrhrt_1054_c284eb90,0.2700224816799164,0.19330546259880066,0.23925656080245972,0.29741552472114563,1,0.9476609826087952
val_Fight_v4dhdnsxiX4_0_d9c7ff2f,0.2737010717391968,0.1916441172361374,0.2342716008424759,0.30038321018218994,1,0.949327290058136
val_Fight_v4dhdnsxiX4_1_81a3ac69,0.2738695442676544,0.19152626395225525,0.2340644896030426,0.30053967237472534,1,0.9454981684684753
val_Fight_v4dhdnsxiX4_2_fa410e37,0.27388450503349304,0.19151580333709717,0.2340461164712906,0.3005535304546356,1,0.9216517806053162
val_Fight_v4dhdnsxiX4_3_8c05b6c2,0.20551133155822754,0.24784833192825317,0.27642637491226196,0.27021393179893494,1,0.9020655751228333
val_Fight_xDjgfhGt-YA_0_be9fdb51,0.26939910650253296,0.18848741054534912,0.23792564868927002,0.3041878938674927,1,0.9505945444107056
val_Fight_y_vX9FtjLaQ_0_a24a8076,0.27379921078681946,0.19157549738883972,0.2341509312391281,0.3004743754863739,1,0.9249398708343506
val_Fight_y_vX9FtjLaQ_1_fc70f6a6,0.27388450503349304,0.19151580333709717,0.2340461164712906,0.3005535304546356,1,0.9366730451583862
val_Fight_y_vX9FtjLaQ_2_ea8e3516,0.26769471168518066,0.1944291889667511,0.24239498376846313,0.2954811155796051,1,0.9493328332901001
val_Fight_y_vX9FtjLaQ_3_20071f40,0.2598736584186554,0.19354736804962158,0.30086666345596313,0.24571235477924347,1,0.9123311042785645
val_Fight_y_vX9FtjLaQ_4_3311cf89,0.2719710171222687,0.19285261631011963,0.23640139400959015,0.29877495765686035,1,0.9401645660400391
val_Fight_y_vX9FtjLaQ_5_110fda0f,0.20551133155822754,0.24784833192825317,0.27642637491226196,0.27021393179893494,1,0.927222490310669
val_Fight_y_vX9FtjLaQ_6_e2ecdae4,0.2734226882457733,0.19183874130249023,0.234613835811615,0.3001247048377991,1,0.944145917892456
val_Fight_zOqs7Oh9oDM_0_bd7c24cb,0.2739139795303345,0.19149522483348846,0.23400993645191193,0.3005808889865875,1,0.9437349438667297
val_Fight_zOqs7Oh9oDM_1_519955f7,0.2710844874382019,0.18774454295635223,0.2338772565126419,0.3072936534881592,1,0.9361076951026917
val_Fight_zOqs7Oh9oDM_2_fe1eea20,0.27408531308174133,0.18978078663349152,0.23308420181274414,0.3030496835708618,1,0.9420803785324097
val_Fight_zOqs7Oh9oDM_3_e018e2df,0.2689524292945862,0.19381435215473175,0.24070115387439728,0.29653200507164,1,0.9201726913452148
val_NonFight_10uSOcwS_0_8c7269d4,0.2598246932029724,0.19364823400974274,0.2999019920825958,0.24662508070468903,0,0.042903173714876175
val_NonFight_1AURh0Wj_0_e0273a72,0.20551133155822754,0.24784833192825317,0.27642637491226196,0.27021393179893494,0,0.2116534411907196
val_NonFight_1MVS2QPWbHc_0_361da70b,0.27392372488975525,0.19148840010166168,0.2339978814125061,0.3005899488925934,0,0.05093174800276756
val_NonFight_1MVS2QPWbHc_1_298ce0ca,0.2736016809940338,0.18785203993320465,0.23150096833705902,0.3070453405380249,0,0.3226572871208191
val_NonFight_1W8hsVvyKt4_0_ab8d59f7,0.27392399311065674,0.19148820638656616,0.23399756848812103,0.3005901873111725,0,0.057922281324863434
val_NonFight_1W8hsVvyKt4_1_5458b307,0.27392399311065674,0.19148820638656616,0.23399756848812103,0.3005901873111725,0,0.45559656620025635
val_NonFight_1W8hsVvyKt4_2_1fc3dcb4,0.27392399311065674,0.19148820638656616,0.23399756848812103,0.3005901873111725,0,0.09340965747833252
val_NonFight_1W8hsVvyKt4_3_4db63cd1,0.20551133155822754,0.24784833192825317,0.27642637491226196,0.27021393179893494,0,0.08326561748981476
val_NonFight_2lrARl7utL4_0_aed7af3c,0.2558152675628662,0.1960771083831787,0.2904323935508728,0.2576752007007599,0,0.1242065578699112
val_NonFight_2lrARl7utL4_1_e958f1e,0.2555859684944153,0.1971500813961029,0.29037413001060486,0.25688979029655457,0,0.8626411557197571
val_NonFight_2lrARl7utL4_2_fb1c9b2f,0.2585064768791199,0.19508646428585052,0.2960180640220642,0.2503890097141266,0,0.8219507336616516
val_NonFight_2qFnVnnZ_0_b97ebc5a,0.2719710171222687,0.19285261631011963,0.23640139400959015,0.29877495765686035,0,0.038741230964660645
val_NonFight_32wXo9Dt_0_99c9efde,0.20551133155822754,0.24784833192825317,0.27642637491226196,0.27021393179893494,0,0.056367937475442886
val_NonFight_39BFeYnbu-I_0_506edaa1,0.20551133155822754,0.24784833192825317,0.27642637491226196,0.27021393179893494,0,0.9455391764640808
val_NonFight_4I1DGWsh_0_bbcc9164,0.24804812669754028,0.20029455423355103,0.2685404419898987,0.2831168472766876,0,0.6600860357284546
val_NonFight_4p2iGvo8_0_2943d410,0.2601640820503235,0.1933332085609436,0.30086421966552734,0.24563848972320557,0,0.063336081802845
val_NonFight_66U2c3YMjOI_0_a20c16d6,0.24383273720741272,0.22107090055942535,0.27589288353919983,0.2592034637928009,0,0.05166854336857796
val_NonFight_66U2c3YMjOI_1_92d8de7c,0.2449854016304016,0.19716915488243103,0.27104949951171875,0.286795973777771,0,0.23002074658870697
val_NonFight_6Rl7q_kXYbg_0_c2a9aad5,0.27408531308174133,0.18978078663349152,0.23308420181274414,0.3030496835708618,0,0.2124665528535843
val_NonFight_6doZoiaG9PM_0_fc95f37a,0.2567906677722931,0.19666805863380432,0.2923611104488373,0.2541801631450653,0,0.07182212918996811
val_NonFight_6doZoiaG9PM_1_d448c110,0.2539301812648773,0.20134243369102478,0.26110735535621643,0.28362002968788147,0,0.05730590969324112
val_NonFight_6doZoiaG9PM_2_8b585613,0.2737010717391968,0.1916441172361374,0.2342716008424759,0.30038321018218994,0,0.10533563047647476
val_NonFight_6doZoiaG9PM_3_f0258048,0.20551133155822754,0.24784833192825317,0.27642637491226196,0.27021393179893494,0,0.07375545799732208
val_NonFight_7emxm3za_0_4ba7b65e,0.270639568567276,0.1930118054151535,0.2384248822927475,0.2979237139225006,0,0.18939603865146637
val_NonFight_7gLKFV5voOg_0_74b9e092,0.2739180326461792,0.19149236381053925,0.2340048998594284,0.30058467388153076,0,0.11582187563180923
val_NonFight_8SmT9rE9_0_8ec11895,0.25866594910621643,0.19327312707901,0.2967830002307892,0.25127795338630676,0,0.16318552196025848
val_NonFight_8m3onRfr_0_fad3794f,0.2601640820503235,0.1933332085609436,0.30086421966552734,0.24563848972320557,0,0.06273623555898666
val_NonFight_8s3rES1a_0_61f7c3e7,0.2575225234031677,0.19608274102210999,0.2937590777873993,0.2526356279850006,0,0.1197584792971611
val_NonFight_8tWVjrUW_0_9d31b80,0.27379921078681946,0.19157549738883972,0.2341509312391281,0.3004743754863739,0,0.055547699332237244
val_NonFight_9JxNZtUK_0_3dade2bd,0.2590867877006531,0.19446101784706116,0.29760265350341797,0.24884960055351257,0,0.04107397422194481
val_NonFight_9kly-mpQczg_0_6a2c523a,0.27392399311065674,0.19148820638656616,0.23399756848812103,0.3005901873111725,0,0.047405876219272614
val_NonFight_9kly-mpQczg_1_19cdcac,0.2714794874191284,0.1971411257982254,0.23897935450077057,0.292400062084198,0,0.061807479709386826
val_NonFight_A7FCl8G35Cs_0_ab2cc5bf,0.23132772743701935,0.2137092500925064,0.29415270686149597,0.2608102858066559,0,0.1170603558421135
val_NonFight_A7FCl8G35Cs_1_6a78f65e,0.2739238739013672,0.19148828089237213,0.23399773240089417,0.30059006810188293,0,0.1100943461060524
val_NonFight_Assault006_x264_0_b067d604,0.252097487449646,0.19850875437259674,0.28530991077423096,0.2640838623046875,0,0.11994978785514832
val_NonFight_Assault006_x264_1_50c957d6,0.2586381137371063,0.1949477344751358,0.29635655879974365,0.2500576078891754,0,0.13133752346038818
val_NonFight_BOnEkkm1_0_727bb3d2,0.27051302790641785,0.19306981563568115,0.23859643936157227,0.29782071709632874,0,0.05054321512579918
val_NonFight_Bp3wCVsS_0_8020d1c,0.2601640820503235,0.1933332085609436,0.30086421966552734,0.24563848972320557,0,0.06411910057067871
val_NonFight_BySljls4_0_3b8750fb,0.27392399311065674,0.19148820638656616,0.23399756848812103,0.3005901873111725,0,0.040746111422777176
val_NonFight_CrBTbDcb_0_65beb3a4,0.26016372442245483,0.1933334469795227,0.30086421966552734,0.24563859403133392,0,0.0657491534948349
val_NonFight_Cw0HuNI5_0_75d1280a,0.273923397064209,0.1914886087179184,0.2339983433485031,0.3005896508693695,0,0.03961273282766342
val_NonFight_DeCoZoey_0_6db92742,0.20551133155822754,0.24784833192825317,0.27642637491226196,0.27021393179893494,0,0.06553446501493454
val_NonFight_E9SvEiNt_0_4b1941c1,0.2601640820503235,0.1933332085609436,0.30086421966552734,0.24563848972320557,0,0.06304002553224564
val_NonFight_EB08Cq4t_0_a7bb6806,0.25811827182769775,0.19548733532428741,0.2950742840766907,0.25132009387016296,0,0.04788846895098686
val_NonFight_EFv961C5RgY_0_3f44e09c,0.20551133155822754,0.24784833192825317,0.27642637491226196,0.27021393179893494,0,0.9418933987617493
val_NonFight_F6kgeh23_0_478dcbc4,0.2738434076309204,0.1880047470331192,0.231856107711792,0.3062957525253296,0,0.06166360154747963
val_NonFight_Fds7C6sp_0_4f175dc8,0.20551133155822754,0.24784833192825317,0.27642637491226196,0.27021393179893494,0,0.15799503028392792
val_NonFight_FpDZIe2z_0_30ece4ad,0.27392399311065674,0.19148820638656616,0.23399756848812103,0.3005901873111725,0,0.049748796969652176
val_NonFight_Fwhi4UNI_0_80cd8590,0.27392372488975525,0.19148840010166168,0.2339978814125061,0.3005899488925934,0,0.03624877333641052
val_NonFight_GCgD8AkV_0_c91c6bd4,0.23491723835468292,0.21148039400577545,0.2957036793231964,0.2578986585140228,0,0.052661411464214325
val_NonFight_GXvqyqYi_0_33aa6b4d,0.24751706421375275,0.2047567218542099,0.2702217698097229,0.27750441431999207,0,0.09788721054792404
val_NonFight_GYvqfFzN_0_e0c383bf,0.2601640820503235,0.1933332085609436,0.30086421966552734,0.24563848972320557,0,0.06427405774593353
val_NonFight_I-QiUMPTWNE_0_499caee3,0.20551133155822754,0.24784833192825317,0.27642637491226196,0.27021393179893494,0,0.1624109297990799
val_NonFight_I-QiUMPTWNE_1_44be8f4,0.20551133155822754,0.24784833192825317,0.27642637491226196,0.27021393179893494,0,0.08853203803300858
val_NonFight_I-QiUMPTWNE_2_ac7b12d4,0.20551133155822754,0.24784833192825317,0.27642637491226196,0.27021393179893494,0,0.35961222648620605
val_NonFight_I3rTHE3L_0_1dfb916e,0.24668698012828827,0.2030465453863144,0.27664268016815186,0.2736237943172455,0,0.1130666434764862
val_NonFight_I9OYGpUd_0_ea8da615,0.25451233983039856,0.20333223044872284,0.26103392243385315,0.28112152218818665,0,0.12872494757175446
val_NonFight_IMA4zYs83Lo_0_438a8f24,0.2734226882457733,0.19183874130249023,0.234613835811615,0.3001247048377991,0,0.19516733288764954
val_NonFight_IvimSdBV_0_84e8fa7f,0.20551133155822754,0.24784833192825317,0.27642637491226196,0.27021393179893494,0,0.07161438465118408
val_NonFight_JECBfnp2ZXc_0_e61729b7,0.20551133155822754,0.24784833192825317,0.27642637491226196,0.27021393179893494,0,0.06646371632814407
val_NonFight_JECBfnp2ZXc_1_54f5c49c,0.27388450503349304,0.19151580333709717,0.2340461164712906,0.3005535304546356,0,0.07398586720228195
val_NonFight_JECBfnp2ZXc_2_cc50ffee,0.27390918135643005,0.1914985626935959,0.23401577770709991,0.30057644844055176,0,0.17304222285747528
val_NonFight_JOMXfA1R_0_dca38485,0.2575225234031677,0.19608274102210999,0.2937590777873993,0.2526356279850006,0,0.0803823471069336
val_NonFight_K4qpMWJS_0_f019bda0,0.2601640820503235,0.1933332085609436,0.30086421966552734,0.24563848972320557,0,0.06339504569768906
val_NonFight_LKdiIccO_0_856f90e8,0.27392399311065674,0.19148820638656616,0.23399756848812103,0.3005901873111725,0,0.041246701031923294
val_NonFight_LoQZojhn_0_5eb351ea,0.2601640820503235,0.1933332085609436,0.30086421966552734,0.24563848972320557,0,0.06401628255844116
val_NonFight_LruY67tu_0_add4f4fa,0.24668529629707336,0.20304958522319794,0.2766442894935608,0.2736208736896515,0,0.10085607320070267
val_NonFight_LtfqEsod_0_c6719744,0.2738695442676544,0.19152626395225525,0.2340644896030426,0.30053967237472534,0,0.1421341747045517
val_NonFight_MrEU15Ug_0_e3236cc9,0.2586381137371063,0.1949477344751358,0.29635655879974365,0.2500576078891754,0,0.05999239534139633
val_NonFight_MxkTo5F-nvU_0_a80f8144,0.255860835313797,0.20035181939601898,0.25846487283706665,0.28532248735427856,0,0.07652277499437332
val_NonFight_N8M1mmW9_0_e4536cc,0.26009175181388855,0.193386510014534,0.3008648455142975,0.24565689265727997,0,0.08946826308965683
val_NonFight_NQpYodM6_0_7f2314fd,0.2594464421272278,0.19405072927474976,0.2987333834171295,0.24776938557624817,0,0.06021932512521744
val_NonFight_NW4ndzCa_0_4a03f3df,0.2583003640174866,0.1991073042154312,0.25513505935668945,0.2874572277069092,0,0.1733645647764206
val_NonFight_NWIc3Yat_0_a6299ed2,0.2601640820503235,0.1933332085609436,0.30086421966552734,0.24563848972320557,0,0.06377854198217392
val_NonFight_NWqRgoGh_0_d01b0f3c,0.24401433765888214,0.1951749324798584,0.2741541564464569,0.28665652871131897,0,0.13166868686676025
val_NonFight_NYvOWjLU_0_16246882,0.27388450503349304,0.19151580333709717,0.2340461164712906,0.3005535304546356,0,0.1297282725572586
val_NonFight_NeyOxUHJ_0_dc2b8d7e,0.20551133155822754,0.24784833192825317,0.27642637491226196,0.27021393179893494,0,0.047482967376708984
val_NonFight_Nlopikk0zhE_0_9f00aa,0.2655821442604065,0.19545581936836243,0.24525271356105804,0.29370933771133423,0,0.1734756976366043
val_NonFight_NnUOjff0_0_1278b246,0.27390918135643005,0.1914985626935959,0.23401577770709991,0.30057644844055176,0,0.11512679606676102
val_NonFight_NoUdd8wq_0_cd328ea,0.24908636510372162,0.20068064332008362,0.28058210015296936,0.26965081691741943,0,0.037872135639190674
val_NonFight_O2rd3LTv_0_89f084a3,0.27392399311065674,0.19148820638656616,0.23399756848812103,0.3005901873111725,0,0.042242612689733505
val_NonFight_Ob0YCDgS_0_427925af,0.2548888623714447,0.19740033149719238,0.28926005959510803,0.2584507465362549,0,0.051544178277254105
val_NonFight_PL8idmS7_0_ff2f7671,0.27379921078681946,0.19157549738883972,0.2341509312391281,0.3004743754863739,0,0.09580912441015244
val_NonFight_PNgE-OKjhgU_0_98b99a35,0.2601640224456787,0.193333238363266,0.30086421966552734,0.24563851952552795,0,0.06328040361404419
val_NonFight_PNgE-OKjhgU_1_ea3155ad,0.2601640820503235,0.1933332085609436,0.30086421966552734,0.24563848972320557,0,0.0632101446390152
val_NonFight_PaTrwJbs_0_dd6fe640,0.24862214922904968,0.20113098621368408,0.279786616563797,0.270460307598114,0,0.11572197079658508
val_NonFight_QRJFLxqK_0_f532c21c,0.20551133155822754,0.24784833192825317,0.27642637491226196,0.27021393179893494,0,0.047241657972335815
val_NonFight_Qj3oZsaqNGE_0_697789b0,0.27379921078681946,0.19157549738883972,0.2341509312391281,0.3004743754863739,0,0.08613759279251099
val_NonFight_RIXaF_TkLlU_0_5f02bbdb,0.20551133155822754,0.24784833192825317,0.27642637491226196,0.27021393179893494,0,0.08324858546257019
val_NonFight_RIXaF_TkLlU_1_f249449c,0.20551133155822754,0.24784833192825317,0.27642637491226196,0.27021393179893494,0,0.08287807554006577
val_NonFight_RIXaF_TkLlU_2_4b90efa0,0.20551133155822754,0.24784833192825317,0.27642637491226196,0.27021393179893494,0,0.700158953666687
val_NonFight_RQt37bnC_0_7fde4adb,0.2466185837984085,0.20409800112247467,0.27370911836624146,0.275574266910553,0,0.09663674980401993
val_NonFight_Ry5c1PbcIa0_0_e0030201,0.2591657340526581,0.1986677646636963,0.2539564371109009,0.28821003437042236,0,0.19498872756958008
val_NonFight_S8jXc3sP_0_18cff6fa,0.20551133155822754,0.24784833192825317,0.27642637491226196,0.27021393179893494,0,0.05920638516545296
val_NonFight_SJRnWfHAx_E_0_1f56576a,0.2601640820503235,0.1933332085609436,0.30086421966552734,0.24563848972320557,0,0.06407536566257477
val_NonFight_SJRnWfHAx_E_1_d6a6ccca,0.24908636510372162,0.20068064332008362,0.28058210015296936,0.26965081691741943,0,0.1707358956336975
val_NonFight_SJRnWfHAx_E_2_4303cd75,0.2598246932029724,0.19364823400974274,0.2999019920825958,0.24662508070468903,0,0.046368908137083054
val_NonFight_TP6mtOzL_0_f4d107c7,0.20551133155822754,0.24784833192825317,0.27642637491226196,0.27021393179893494,0,0.14259310066699982
val_NonFight_UoS3KEYq_0_fbd5f1aa,0.2643670439720154,0.19605636596679688,0.24689671397209167,0.2926798462867737,0,0.10070256143808365
val_NonFight_VF8M3gXp_0_4a0720da,0.20551133155822754,0.24784833192825317,0.27642637491226196,0.27021393179893494,0,0.14178717136383057
val_NonFight_VGKvz9qZ_0_6bad10fb,0.27392399311065674,0.19148820638656616,0.23399756848812103,0.3005901873111725,0,0.04691712185740471
val_NonFight_VIPpAkyG_0_560e728a,0.2598246932029724,0.19364823400974274,0.2999019920825958,0.24662508070468903,0,0.04370630159974098
val_NonFight_VTOPSZvF_0_ee8896d9,0.25137758255004883,0.19881805777549744,0.2843979299068451,0.26540642976760864,0,0.1127525046467781
val_NonFight_VVQBImyG_0_8648d570,0.20551133155822754,0.24784833192825317,0.27642637491226196,0.27021393179893494,0,0.08530530333518982
val_NonFight_VtIQbKvy_0_6f009b61,0.25981274247169495,0.19365914165973663,0.2998703420162201,0.24665778875350952,0,0.04445910453796387
val_NonFight_VzHfmJeI_0_3a5e294a,0.20551133155822754,0.24784833192825317,0.27642637491226196,0.27021393179893494,0,0.04783746227622032
val_NonFight_WPXtCPPS_0_5ee8f142,0.2598246932029724,0.19364823400974274,0.2999019920825958,0.24662508070468903,0,0.04844987392425537
val_NonFight_Wq0BuA8GM84_0_dd67c1d,0.2715723216533661,0.19257190823554993,0.23716799914836884,0.29868778586387634,0,0.10400893539190292
val_NonFight_Wq0BuA8GM84_1_74c3c75e,0.2684611678123474,0.18834181129932404,0.2382355034351349,0.30496156215667725,0,0.18140098452568054
val_NonFight_Xcd0v-KhKL4_0_b23efa1c,0.259034126996994,0.1941678375005722,0.30087268352508545,0.24592536687850952,0,0.77244633436203
val_NonFight_YDOJvzChqSg_0_fa3b26b,0.2725273668766022,0.19212694466114044,0.23588091135025024,0.29946479201316833,0,0.8927791118621826
val_NonFight_YL1qlr23_0_717e59a6,0.2453802227973938,0.21238629519939423,0.28142714500427246,0.2608063519001007,0,0.0781770870089531
val_NonFight_YYCGcBuE_0_d5329ba2,0.2601640820503235,0.1933332085609436,0.30086421966552734,0.24563848972320557,0,0.06451155990362167
val_NonFight_Yf55ftZR_0_2b7a21e3,0.2601640820503235,0.1933332085609436,0.30086421966552734,0.24563848972320557,0,0.06318846344947815
val_NonFight_Yma07mlW_0_dc96f2ba,0.20551133155822754,0.24784833192825317,0.27642637491226196,0.27021393179893494,0,0.04859202727675438
val_NonFight_YukOkfIj_0_a7546ef,0.27392399311065674,0.19148820638656616,0.23399756848812103,0.3005901873111725,0,0.045407600700855255
val_NonFight_ZCUy99AN_0_48494479,0.2567313611507416,0.19990688562393188,0.25727540254592896,0.2860863506793976,0,0.1538822203874588
val_NonFight_ZCa5f4yq_0_30a75299,0.20551133155822754,0.24784833192825317,0.27642637491226196,0.27021393179893494,0,0.09036774188280106
val_NonFight_ZwhC7Kyg_0_b8c7a900,0.25982949137687683,0.19388101994991302,0.3004615306854248,0.24582792818546295,0,0.04204100742936134
val_NonFight_aZxUVVqk_0_6b351070,0.20551133155822754,0.24784833192825317,0.27642637491226196,0.27021393179893494,0,0.07111281156539917
val_NonFight_bW2vHhYbzHM_0_827ca47e,0.2530267536640167,0.20180743932724,0.2623462378978729,0.28281956911087036,0,0.08723194897174835
val_NonFight_bW2vHhYbzHM_1_d743d737,0.25624340772628784,0.2001579850912094,0.25794094800949097,0.2856576442718506,0,0.07207655906677246
val_NonFight_cpFWuHXF_0_5ccc4cf0,0.2724783718585968,0.19214963912963867,0.23594693839550018,0.29942506551742554,0,0.07809612900018692
val_NonFight_cw8fPfUL_0_202cf40d,0.20551133155822754,0.24784833192825317,0.27642637491226196,0.27021393179893494,0,0.06980187445878983
val_NonFight_e8jli13nLaM_0_e2486e6e,0.2598246932029724,0.19364823400974274,0.2999019920825958,0.24662508070468903,0,0.04463799297809601
val_NonFight_eb4Oant1_0_3a4c35ae,0.2627212703227997,0.184181347489357,0.2198769897222519,0.33322039246559143,0,0.03917095065116882
val_NonFight_egQvmVL2_0_d0fe820f,0.2601640820503235,0.1933332085609436,0.30086421966552734,0.24563848972320557,0,0.06362814456224442
val_NonFight_etyiEs3j8x8_0_5a64e094,0.27414390444755554,0.18849590420722961,0.23244191706180573,0.3049182593822479,0,0.047008611261844635
val_NonFight_etyiEs3j8x8_1_29521cfd,0.20551133155822754,0.24784833192825317,0.27642637491226196,0.27021393179893494,0,0.10371819138526917
val_NonFight_etyiEs3j8x8_2_313c9f6a,0.2734226882457733,0.19183874130249023,0.234613835811615,0.3001247048377991,0,0.19220693409442902
val_NonFight_fGyFpyjd_0_d25d446a,0.27392399311065674,0.19148820638656616,0.23399756848812103,0.3005901873111725,0,0.040456149727106094
val_NonFight_fO2vb61DcUk_0_12121cbe,0.20551133155822754,0.24784833192825317,0.27642637491226196,0.27021393179893494,0,0.15687790513038635
val_NonFight_fO2vb61DcUk_1_468b831a,0.20551133155822754,0.24784833192825317,0.27642637491226196,0.27021393179893494,0,0.13176390528678894
val_NonFight_g7fqR4gn_0_22388e09,0.26793214678764343,0.2006363719701767,0.24427662789821625,0.2871549129486084,0,0.05155344307422638
val_NonFight_g8SVNUCm_0_4aace4db,0.2601640820503235,0.1933332085609436,0.30086421966552734,0.24563848972320557,0,0.06347222626209259
val_NonFight_gJV3TuKF_0_cf7ecda3,0.2601640820503235,0.1933332085609436,0.30086421966552734,0.24563848972320557,0,0.06361886858940125
val_NonFight_iE9hzgQD_0_702c2a4,0.2601640820503235,0.1933332085609436,0.30086421966552734,0.24563848972320557,0,0.06349454075098038
val_NonFight_iJ5Q1tar_0_7388a46,0.2601640820503235,0.1933332085609436,0.30086421966552734,0.24563848972320557,0,0.06303973495960236
val_NonFight_jpYrguiW_0_d88e96c7,0.2725731134414673,0.19210578501224518,0.23581922054290771,0.29950186610221863,0,0.044061921536922455
val_NonFight_kApoSGPK_0_58e9781f,0.20551133155822754,0.24784833192825317,0.27642637491226196,0.27021393179893494,0,0.06885674595832825
val_NonFight_kMgCk8Ku_0_18540806,0.20551133155822754,0.24784833192825317,0.27642637491226196,0.27021393179893494,0,0.14913548529148102
val_NonFight_l82NDOvk_0_8d5ade50,0.27392399311065674,0.19148820638656616,0.23399756848812103,0.3005901873111725,0,0.057499129325151443
val_NonFight_mwuiYEBdkJs_0_7a95da13,0.2686888873577118,0.19558429718017578,0.24167707562446594,0.29404979944229126,0,0.34041863679885864
val_NonFight_mwuiYEBdkJs_1_c5741cab,0.2739056646823883,0.19150102138519287,0.23402012884616852,0.3005731701850891,0,0.871417224407196
val_NonFight_myaBOqJ3_0_89af770d,0.2591674029827118,0.1986665576696396,0.25395435094833374,0.2882116734981537,0,0.04084224998950958
val_NonFight_nTsOksk7_0_2e3ceb27,0.2598246932029724,0.19364823400974274,0.2999019920825958,0.24662508070468903,0,0.03866010904312134
val_NonFight_nVdn1krnTCQ_0_f8625c41,0.2737010717391968,0.1916441172361374,0.2342716008424759,0.30038321018218994,0,0.18204282224178314
val_NonFight_nVdn1krnTCQ_1_e0bf5b0b,0.2606392800807953,0.1979244202375412,0.2519511878490448,0.2894850969314575,0,0.09830731153488159
val_NonFight_nVdn1krnTCQ_2_ebaa8a07,0.2739180326461792,0.19149236381053925,0.2340048998594284,0.30058467388153076,0,0.09493839740753174
val_NonFight_ngv36FBY_0_379cd320,0.20551133155822754,0.24784833192825317,0.27642637491226196,0.27021393179893494,0,0.908909261226654
val_NonFight_nuf-d5GugL0_0_362b9fcc,0.20551133155822754,0.24784833192825317,0.27642637491226196,0.27021393179893494,0,0.10175662487745285
val_NonFight_nuf-d5GugL0_1_e0197b59,0.20551133155822754,0.24784833192825317,0.27642637491226196,0.27021393179893494,0,0.9052000045776367
val_NonFight_nuf-d5GugL0_2_18700406,0.20551133155822754,0.24784833192825317,0.27642637491226196,0.27021393179893494,0,0.9384430050849915
val_NonFight_oXeSTCLT_0_a977fb77,0.26748940348625183,0.19452178478240967,0.2426758110523224,0.2953130006790161,0,0.04558224976062775
val_NonFight_ojZVUz7i_0_ff96a255,0.2601611316204071,0.19333533942699432,0.30086424946784973,0.24563923478126526,0,0.07653192430734634
val_NonFight_q4jlVJRb_0_a5f0063,0.2739056646823883,0.19150102138519287,0.23402012884616852,0.3005731701850891,0,0.07372509688138962
val_NonFight_qFfqTQm0_0_b58e856f,0.2601640820503235,0.1933332085609436,0.30086421966552734,0.24563848972320557,0,0.06242932751774788
val_NonFight_qaAclucigpY_0_1b3006c,0.26016372442245483,0.1933334469795227,0.30086421966552734,0.24563859403133392,0,0.0658167377114296
val_NonFight_qaAclucigpY_1_e133d8d9,0.27388450503349304,0.19151580333709717,0.2340461164712906,0.3005535304546356,0,0.07913413643836975
val_NonFight_qaAclucigpY_2_75407549,0.2598246932029724,0.19364823400974274,0.2999019920825958,0.24662508070468903,0,0.0556689016520977
val_NonFight_qyRJeYN5_0_3082f9a7,0.20551133155822754,0.24784833192825317,0.27642637491226196,0.27021393179893494,0,0.05736897885799408
val_NonFight_r0mVR4J6_0_c7f5651,0.26011818647384644,0.19336703419685364,0.30086463689804077,0.24565018713474274,0,0.08962567150592804
val_NonFight_rJbh1niy_0_b521a439,0.26009175181388855,0.193386510014534,0.3008648455142975,0.24565689265727997,0,0.09034870564937592
val_NonFight_rtSWit6k_0_a829262,0.20551133155822754,0.24784833192825317,0.27642637491226196,0.27021393179893494,0,0.048925794661045074
val_NonFight_rwg8hp5X_0_d750eab4,0.20551133155822754,0.24784833192825317,0.27642637491226196,0.27021393179893494,0,0.0727560892701149
val_NonFight_scznszmE_0_d9d326e4,0.24908636510372162,0.20068064332008362,0.28058210015296936,0.26965081691741943,0,0.04996257275342941
val_NonFight_tSk5CEXB_0_eb6c34c1,0.24987420439720154,0.20557381212711334,0.28695499897003174,0.2575969696044922,0,0.0717541053891182
val_NonFight_tf_X7GtOGyE_0_2d7987d2,0.20551133155822754,0.24784833192825317,0.27642637491226196,0.27021393179893494,0,0.09481119364500046
val_NonFight_tf_X7GtOGyE_1_b9a08af4,0.20551133155822754,0.24784833192825317,0.27642637491226196,0.27021393179893494,0,0.1241612583398819
val_NonFight_tf_X7GtOGyE_2_742ce48a,0.20551133155822754,0.24784833192825317,0.27642637491226196,0.27021393179893494,0,0.11403687298297882
val_NonFight_tivF4CAg_0_6c7fea07,0.2601640820503235,0.1933332085609436,0.30086421966552734,0.24563848972320557,0,0.06370226293802261
val_NonFight_twBrsDhF_0_f871c3c,0.2601640820503235,0.1933332085609436,0.30086421966552734,0.24563848972320557,0,0.06258086115121841
val_NonFight_u-VcErKk6Qs_0_dd46386b,0.20551133155822754,0.24784833192825317,0.27642637491226196,0.27021393179893494,0,0.0823703408241272
val_NonFight_uZLLdl2P_0_1264d5d5,0.2601640820503235,0.1933332085609436,0.30086421966552734,0.24563848972320557,0,0.06376904994249344
val_NonFight_utRmPckr_0_671f4252,0.27392399311065674,0.19148820638656616,0.23399756848812103,0.3005901873111725,0,0.04403095319867134
val_NonFight_v1Sb6NhU_0_982e0d1,0.20551133155822754,0.24784833192825317,0.27642637491226196,0.27021393179893494,0,0.05120871588587761
val_NonFight_v4dhdnsxiX4_0_90012acc,0.27392399311065674,0.19148820638656616,0.23399756848812103,0.3005901873111725,0,0.057334449142217636
val_NonFight_v4dhdnsxiX4_1_8ad35b9f,0.20551133155822754,0.24784833192825317,0.27642637491226196,0.27021393179893494,0,0.1910044401884079
val_NonFight_v4dhdnsxiX4_2_91f2c2cb,0.20551133155822754,0.24784833192825317,0.27642637491226196,0.27021393179893494,0,0.11646439135074615
val_NonFight_vAV3vIGr_0_5a104d71,0.2601640820503235,0.1933332085609436,0.30086421966552734,0.24563848972320557,0,0.0631355419754982
val_NonFight_vDeu44Su_0_9f566729,0.260146826505661,0.19334590435028076,0.3008643686771393,0.24564287066459656,0,0.08616803586483002
val_NonFight_vKUjLaXO_0_588f933d,0.2601640820503235,0.1933332085609436,0.30086421966552734,0.24563848972320557,0,0.06327902525663376
val_NonFight_vXGRa5D6_0_3bcc39b8,0.2601640820503235,0.1933332085609436,0.30086421966552734,0.24563848972320557,0,0.06282152235507965
val_NonFight_w6VytllR_0_f7c24646,0.20551133155822754,0.24784833192825317,0.27642637491226196,0.27021393179893494,0,0.09488552063703537
val_NonFight_wMcODEtzJIA_0_11d5e595,0.26961883902549744,0.19349853694438934,0.2398005723953247,0.2970820665359497,0,0.8809243440628052
val_NonFight_wMcODEtzJIA_1_e428dfa0,0.26828134059906006,0.19413800537586212,0.24160663783550262,0.2959740161895752,0,0.12922269105911255
val_NonFight_wyLoweAn_9Q_0_1d3c9604,0.2590462267398834,0.1945059448480606,0.2974837124347687,0.2489641159772873,0,0.06659156084060669
val_NonFight_wyLoweAn_9Q_1_434c4e7,0.2739008963108063,0.1915043592453003,0.2340259850025177,0.30056875944137573,0,0.1306518018245697
val_NonFight_xRbCHA5YTi8_0_715d69b2,0.2739056646823883,0.19150102138519287,0.23402012884616852,0.3005731701850891,0,0.1702946126461029
val_NonFight_xV69l7Vj_0_391f64d6,0.2739156484603882,0.19149406254291534,0.23400789499282837,0.3005824387073517,0,0.05696326866745949
val_NonFight_y2pGPMqikJg_0_2c0f763e,0.2698426842689514,0.19338855147361755,0.2395002394914627,0.29726850986480713,0,0.0819297581911087
val_NonFight_y2pGPMqikJg_1_b6f6a771,0.2739240229129791,0.19148820638656616,0.23399758338928223,0.3005901873111725,0,0.04372664913535118
val_NonFight_yFaADLZw_0_a3ae39b,0.25945907831192017,0.19422590732574463,0.29948174953460693,0.24683332443237305,0,0.04804331064224243
val_NonFight_yN11pFfP_0_9647c92a,0.20551133155822754,0.24784833192825317,0.27642637491226196,0.27021393179893494,0,0.04657488688826561
val_NonFight_zGBzk5SeJOw_0_e768cd19,0.27389422059059143,0.19150900840759277,0.23403416574001312,0.3005625307559967,0,0.15963062644004822
val_NonFight_zGBzk5SeJOw_1_35f28114,0.2670494019985199,0.19473662972450256,0.24326974153518677,0.29494422674179077,0,0.2664913535118103
val_NonFight_zMbmPG71_0_340af6df,0.2601640820503235,0.1933331936597824,0.30086424946784973,0.24563850462436676,0,0.06383330374956131
val_NonFight_zOqs7Oh9oDM_0_d21ea8ad,0.26793792843818665,0.19219665229320526,0.2412332147359848,0.2986321747303009,0,0.05212971195578575
val_NonFight_zWevuNTR_0_f4a2413,0.2486034482717514,0.207764133810997,0.28602299094200134,0.25760942697525024,0,0.09559784084558487
val_NonFight_zsvJyWXp_0_92deb37e,0.2739197313785553,0.19149120151996613,0.23400285840034485,0.3005862236022949,0,0.03904595971107483
