clip_id,true_label,q_skel,q_int,q_obj,q_po,q_valid,gqs_composite,w_skel,w_int,w_obj,w_vit,prob__E_full_qgf,prob__E_full_lw,prob__E_full_qgf_fixed
val_Fight_0Ow4cotKOuw_0_fbe2f865,1,1.0,1.0,1.0,1.0,1.0,1.0,0.20551133155822754,0.24784833192825317,0.27642637491226196,0.27021393179893494,0.947016179561615,0.9786883592605591,0.9482853412628174
val_Fight_0Ow4cotKOuw_1_a8114f89,1,1.0,1.0,1.0,1.0,1.0,1.0,0.20551133155822754,0.24784833192825317,0.27642637491226196,0.27021393179893494,0.9427339434623718,0.9718177914619446,0.9436342120170593
val_Fight_0Ow4cotKOuw_2_f5eff0a7,1,1.0,1.0,1.0,1.0,1.0,1.0,0.20551133155822754,0.24784833192825317,0.27642637491226196,0.27021393179893494,0.938407838344574,0.969164252281189,0.939365565776825
val_Fight_0Ow4cotKOuw_3_6744c31e,1,1.0,1.0,1.0,1.0,1.0,1.0,0.20551133155822754,0.24784833192825317,0.27642637491226196,0.27021393179893494,0.9393641948699951,0.972796618938446,0.9404463171958923
val_Fight_0Ow4cotKOuw_4_8dc83960,1,1.0,1.0,1.0,1.0,1.0,1.0,0.20551133155822754,0.24784833192825317,0.27642637491226196,0.27021393179893494,0.9393154382705688,0.9710314869880676,0.940382719039917
val_Fight_1Kbw1bUw_0_8d5f9b55,1,0.9375,0.5,0.84375,0.84375,0.9375,0.7437499999999999,0.2671947181224823,0.1850963532924652,0.22446292638778687,0.32324597239494324,0.40822499990463257,0.30941087007522583,0.33651211857795715
val_Fight_1Kbw1bUw_1_79fd23be,1,0.8125,0.21875,0.78125,0.75,0.8125,0.5625,0.2713921070098877,0.18785125017166138,0.23398680984973907,0.30676984786987305,0.09618163108825684,0.05346683785319328,0.08579069375991821
val_Fight_1Kbw1bUw_2_3050bfd7,1,1.0,0.59375,1.0,1.0,1.0,0.8375000000000001,0.2739139795303345,0.19149522483348846,0.23400993645191193,0.3005808889865875,0.0677030012011528,0.031512051820755005,0.06294229626655579
val_Fight_1Kbw1bUw_3_4e7219fe,1,0.59375,0.03125,0.0625,0.0625,0.59375,0.2625,0.2042824774980545,0.21201159060001373,0.20005451142787933,0.3836514353752136,0.08766450732946396,0.061628181487321854,0.08090312033891678
val_Fight_1MVS2QPWbHc_0_fd77f79c,1,1.0,0.90625,1.0,1.0,1.0,0.9625000000000001,0.2737010717391968,0.1916441172361374,0.2342716008424759,0.30038321018218994,0.9416217803955078,0.974818229675293,0.9434199333190918
val_Fight_1MVS2QPWbHc_1_50367117,1,1.0,1.0,1.0,1.0,1.0,1.0,0.20551133155822754,0.24784833192825317,0.27642637491226196,0.27021393179893494,0.30393579602241516,0.12519821524620056,0.28567391633987427
val_Fight_1MVS2QPWbHc_2_d8363199,1,1.0,0.9375,1.0,1.0,1.0,0.9750000000000001,0.2734226882457733,0.19183874130249023,0.234613835811615,0.3001247048377991,0.9459906220436096,0.9779675006866455,0.9474452137947083
val_Fight_1MVS2QPWbHc_3_2e1f0cd5,1,1.0,0.96875,1.0,1.0,1.0,0.9875,0.2719710171222687,0.19285261631011963,0.23640139400959015,0.29877495765686035,0.9496979713439941,0.9805822968482971,0.9512124061584473
val_Fight_1MVS2QPWbHc_4_5b647f69,1,1.0,1.0,1.0,1.0,1.0,1.0,0.20551133155822754,0.24784833192825317,0.27642637491226196,0.27021393179893494,0.950614869594574,0.9835634231567383,0.9518690705299377
val_Fight_1MVS2QPWbHc_5_bd88e8cc,1,0.96875,0.5625,1.0,0.96875,0.96875,0.80625,0.270639568567276,0.1930118054151535,0.2384248822927475,0.2979237139225006,0.495567262172699,0.7465606927871704,0.45344406366348267
val_Fight_39BFeYnbu-I_0_3651ff94,1,1.0,0.8125,1.0,1.0,1.0,0.925,0.2738695442676544,0.19152626395225525,0.2340644896030426,0.30053967237472534,0.9533560872077942,0.9829667806625366,0.9549647569656372
val_Fight_39BFeYnbu-I_1_a3e1c029,1,0.96875,0.84375,1.0,0.96875,0.96875,0.9187500000000001,0.26280948519706726,0.1968509703874588,0.2489970475435257,0.29134249687194824,0.9510659575462341,0.982254683971405,0.9527080655097961
val_Fight_39BFeYnbu-I_2_4aec33c6,1,1.0,1.0,1.0,1.0,1.0,1.0,0.20551133155822754,0.24784833192825317,0.27642637491226196,0.27021393179893494,0.943839430809021,0.9783406853675842,0.9453859329223633
val_Fight_39BFeYnbu-I_3_3aea9677,1,1.0,1.0,1.0,1.0,1.0,1.0,0.20551133155822754,0.24784833192825317,0.27642637491226196,0.27021393179893494,0.9482689499855042,0.9801422357559204,0.9495455026626587
val_Fight_39BFeYnbu-I_4_df7728be,1,1.0,1.0,1.0,1.0,1.0,1.0,0.20551133155822754,0.24784833192825317,0.27642637491226196,0.27021393179893494,0.9488415122032166,0.9810092449188232,0.9500322341918945
val_Fight_39BFeYnbu-I_5_650e46d,1,1.0,0.59375,1.0,1.0,1.0,0.8375000000000001,0.2739139795303345,0.19149522483348846,0.23400993645191193,0.3005808889865875,0.9501312375068665,0.9793037176132202,0.9519124031066895
val_Fight_39BFeYnbu-I_6_529aa974,1,1.0,0.90625,1.0,1.0,1.0,0.9625000000000001,0.2737010717391968,0.1916441172361374,0.2342716008424759,0.30038321018218994,0.9487722516059875,0.9791817665100098,0.9500605463981628
val_Fight_39BFeYnbu-I_7_aaa30a97,1,0.96875,0.71875,0.96875,0.96875,0.96875,0.86875,0.27389422059059143,0.19150902330875397,0.23403416574001312,0.3005625605583191,0.9528066515922546,0.9788075685501099,0.9539064764976501
val_Fight_39BFeYnbu-I_8_3f4cbdc2,1,1.0,0.84375,1.0,1.0,1.0,0.9375,0.27384480834007263,0.1915436089038849,0.23409494757652283,0.30051666498184204,0.9543477296829224,0.9823119640350342,0.9558890461921692
val_Fight_48J5lk4QcpE_0_8384d93b,1,1.0,0.9375,1.0,1.0,1.0,0.9750000000000001,0.2734226882457733,0.19183874130249023,0.234613835811615,0.3001247048377991,0.9166802763938904,0.9644681215286255,0.9184081554412842
val_Fight_48J5lk4QcpE_1_a878ac2c,1,1.0,0.875,1.0,1.0,1.0,0.95,0.27379921078681946,0.19157549738883972,0.2341509312391281,0.3004743754863739,0.9145678281784058,0.9665383100509644,0.9175464510917664
val_Fight_48J5lk4QcpE_2_b7570a2d,1,1.0,0.625,1.0,1.0,1.0,0.8500000000000001,0.27391186356544495,0.19149670004844666,0.23401249945163727,0.3005789518356323,0.9053304195404053,0.9619304537773132,0.9077022075653076
val_Fight_48J5lk4QcpE_3_afda3344,1,1.0,0.4375,1.0,1.0,1.0,0.7750000000000001,0.2739197313785553,0.19149120151996613,0.23400285840034485,0.3005862236022949,0.1793832778930664,0.1374695748090744,0.16960152983665466
val_Fight_6Rl7q_kXYbg_0_99efc56,1,0.21875,0.0,1.0,0.21875,0.21875,0.13125,0.2567906677722931,0.19666805863380432,0.2923611104488373,0.2541801631450653,0.12498459219932556,0.04105542227625847,0.12582874298095703
val_Fight_6Rl7q_kXYbg_1_bdadbb0,1,0.4375,0.0,0.53125,0.4375,0.4375,0.2625,0.26450252532958984,0.19599024951457977,0.246712788939476,0.29279443621635437,0.8423904180526733,0.928877055644989,0.8390958309173584
val_Fight_6Rl7q_kXYbg_2_7e3d916a,1,0.15625,0.0,0.46875,0.125,0.15625,0.0875,0.2541322708129883,0.19566524028778076,0.2875416576862335,0.26266080141067505,0.7449816465377808,0.9226052165031433,0.7570487856864929
val_Fight_6Rl7q_kXYbg_3_dd0dfbf0,1,0.40625,0.0,0.1875,0.03125,0.40625,0.16875,0.2133767157793045,0.19138655066490173,0.2235296219587326,0.37170714139938354,0.828187882900238,0.9095852375030518,0.8286565542221069
val_Fight_6Rl7q_kXYbg_4_e0c729a,1,0.375,0.0,0.3125,0.15625,0.375,0.18125000000000002,0.23767556250095367,0.18734624981880188,0.23909491300582886,0.33588331937789917,0.3819464147090912,0.3710709512233734,0.36052483320236206
val_Fight_6Rl7q_kXYbg_5_69ae1077,1,0.03125,0.0,0.0,0.0,0.03125,0.0125,0.20167575776576996,0.21792225539684296,0.20062895119190216,0.37977299094200134,0.7112969756126404,0.8473796844482422,0.7310969233512878
val_Fight_7gLKFV5voOg_0_36a2d405,1,1.0,0.90625,1.0,1.0,1.0,0.9625000000000001,0.2737010717391968,0.1916441172361374,0.2342716008424759,0.30038321018218994,0.9430345296859741,0.9761848449707031,0.9444970488548279
val_Fight_7gLKFV5voOg_1_2cf30ad4,1,1.0,0.40625,1.0,1.0,1.0,0.7625,0.27392035722732544,0.19149073958396912,0.23400205373764038,0.3005868196487427,0.943268358707428,0.9781169891357422,0.9451835751533508
val_Fight_83d-16REC40_0_f5a98f2a,1,0.96875,0.875,1.0,1.0,1.0,0.9375,0.2695513963699341,0.2060360312461853,0.24387098848819733,0.2805415987968445,0.934806227684021,0.9737923741340637,0.9362620115280151
val_Fight_83d-16REC40_1_36ca945a,1,1.0,0.75,1.0,1.0,1.0,0.9000000000000001,0.27389422059059143,0.19150902330875397,0.23403416574001312,0.3005625605583191,0.9301544427871704,0.9705089926719666,0.9316598773002625
val_Fight_A7FCl8G35Cs_0_2106d608,1,0.9375,0.75,1.0,1.0,1.0,0.875,0.26965439319610596,0.20598119497299194,0.2437535673379898,0.2806108295917511,0.9354278445243835,0.9758387804031372,0.9380345940589905
val_Fight_A7FCl8G35Cs_1_95aac293,1,0.90625,0.28125,0.96875,0.96875,0.96875,0.6687500000000001,0.2730526924133301,0.19617126882076263,0.2368047833442688,0.2939712703227997,0.7710364460945129,0.7338564395904541,0.7630385160446167
val_Fight_ASGGSDG_183_6b11e18c,1,0.4375,0.03125,0.96875,0.4375,0.4375,0.275,0.24923844635486603,0.20053450763225555,0.2808483839035034,0.269378662109375,0.9290703535079956,0.972767174243927,0.9320052266120911
val_Fight_EFv961C5RgY_0_dba935e1,1,1.0,0.90625,0.96875,0.96875,1.0,0.95625,0.2583461105823517,0.18408116698265076,0.21622145175933838,0.34135130047798157,0.9591086506843567,0.9844487905502319,0.9607241153717041
val_Fight_EFv961C5RgY_1_b06e21ee,1,1.0,0.96875,1.0,1.0,1.0,0.9875,0.2719710171222687,0.19285261631011963,0.23640139400959015,0.29877495765686035,0.9510316848754883,0.9797408580780029,0.9524006843566895
val_Fight_FXC43fACfPc_0_86ef2ceb,1,1.0,0.34375,1.0,1.0,1.0,0.7375,0.2739213705062866,0.191490039229393,0.2340007871389389,0.3005877733230591,0.9150772094726562,0.973189115524292,0.9177345633506775
val_Fight_FXC43fACfPc_1_144e6fe6,1,0.875,0.125,1.0,0.90625,0.90625,0.58125,0.26823854446411133,0.19592943787574768,0.24232810735702515,0.29350388050079346,0.42597708106040955,0.3839084208011627,0.38875091075897217
val_Fight_FXC43fACfPc_2_eff13447,1,0.46875,0.0625,1.0,0.46875,0.46875,0.30625,0.24923844635486603,0.20053450763225555,0.2808483839035034,0.269378662109375,0.8971336483955383,0.967829704284668,0.9021802544593811
val_Fight_FXC43fACfPc_3_70134286,1,0.96875,0.0625,1.0,0.96875,0.96875,0.6062500000000001,0.2724783718585968,0.19214963912963867,0.23594693839550018,0.29942506551742554,0.9235152006149292,0.9656221866607666,0.9262940883636475
val_Fight_I-QiUMPTWNE_0_c850dcf2,1,1.0,1.0,1.0,1.0,1.0,1.0,0.20551133155822754,0.24784833192825317,0.27642637491226196,0.27021393179893494,0.9158605933189392,0.9544416666030884,0.9159576892852783
val_Fight_I-QiUMPTWNE_1_95a83525,1,1.0,1.0,1.0,1.0,1.0,1.0,0.20551133155822754,0.24784833192825317,0.27642637491226196,0.27021393179893494,0.3748873472213745,0.18577243387699127,0.35728052258491516
val_Fight_I-QiUMPTWNE_2_a8ac81f,1,1.0,1.0,1.0,1.0,1.0,1.0,0.20551133155822754,0.24784833192825317,0.27642637491226196,0.27021393179893494,0.7700937986373901,0.8474746346473694,0.7562990188598633
val_Fight_I-QiUMPTWNE_3_37935a2b,1,1.0,1.0,1.0,1.0,1.0,1.0,0.20551133155822754,0.24784833192825317,0.27642637491226196,0.27021393179893494,0.9433344006538391,0.9736042022705078,0.9439846277236938
val_Fight_I-QiUMPTWNE_4_3d5d3c2f,1,1.0,1.0,1.0,1.0,1.0,1.0,0.20551133155822754,0.24784833192825317,0.27642637491226196,0.27021393179893494,0.928165853023529,0.9640694260597229,0.928611159324646
val_Fight_I-QiUMPTWNE_5_88632796,1,1.0,1.0,1.0,1.0,1.0,1.0,0.20551133155822754,0.24784833192825317,0.27642637491226196,0.27021393179893494,0.9207537174224854,0.9561417102813721,0.9202569723129272
val_Fight_I-QiUMPTWNE_6_1603acee,1,1.0,1.0,1.0,1.0,1.0,1.0,0.20551133155822754,0.24784833192825317,0.27642637491226196,0.27021393179893494,0.923169732093811,0.9591428637504578,0.9234038591384888
val_Fight_I-QiUMPTWNE_7_f4d28e11,1,1.0,1.0,1.0,1.0,1.0,1.0,0.20551133155822754,0.24784833192825317,0.27642637491226196,0.27021393179893494,0.9064753651618958,0.9560686945915222,0.9070335030555725
val_Fight_I-QiUMPTWNE_8_a4242d9e,1,1.0,0.96875,1.0,1.0,1.0,0.9875,0.2719710171222687,0.19285261631011963,0.23640139400959015,0.29877495765686035,0.1509225219488144,0.07385119795799255,0.1374153047800064
val_Fight_JECBfnp2ZXc_0_b36d0b4f,1,1.0,0.6875,1.0,1.0,1.0,0.875,0.2739056646823883,0.19150102138519287,0.23402012884616852,0.3005731701850891,0.6131487488746643,0.8704163432121277,0.6199182868003845
val_Fight_JECBfnp2ZXc_1_e5e41588,1,1.0,0.375,1.0,1.0,1.0,0.75,0.2739208936691284,0.19149038195610046,0.23400138318538666,0.30058732628822327,0.9286674857139587,0.9683273434638977,0.9310697317123413
val_Fight_JECBfnp2ZXc_2_570934e3,1,1.0,0.4375,1.0,1.0,1.0,0.7750000000000001,0.2739197313785553,0.19149120151996613,0.23400285840034485,0.3005862236022949,0.9474675059318542,0.9757528901100159,0.9490733742713928
val_Fight_JECBfnp2ZXc_3_db8b0b80,1,1.0,0.34375,1.0,1.0,1.0,0.7375,0.2739213705062866,0.191490039229393,0.2340007871389389,0.3005877733230591,0.9350722432136536,0.9747859239578247,0.9373731017112732
val_Fight_JECBfnp2ZXc_4_c8872f35,1,1.0,0.5625,1.0,1.0,1.0,0.825,0.2739156484603882,0.19149406254291534,0.23400788009166718,0.3005824387073517,0.7754818797111511,0.9529615640640259,0.7725644111633301
val_Fight_JECBfnp2ZXc_5_73e06a07,1,1.0,0.5,1.0,1.0,1.0,0.8,0.2739180326461792,0.19149236381053925,0.2340048998594284,0.30058467388153076,0.21320945024490356,0.12118709832429886,0.20411019027233124
val_Fight_JECBfnp2ZXc_6_46325b52,1,1.0,0.71875,1.0,1.0,1.0,0.8875,0.2739008963108063,0.1915043592453003,0.2340259701013565,0.30056875944137573,0.9002572894096375,0.9551709294319153,0.9043070673942566
val_Fight_MxkTo5F-nvU_0_5f329300,1,1.0,0.46875,1.0,1.0,1.0,0.7875000000000001,0.2739189565181732,0.1914917230606079,0.23400379717350006,0.30058553814888,0.07620494812726974,0.03240600973367691,0.06977295130491257
val_Fight_MxkTo5F-nvU_1_a76815d,1,1.0,1.0,1.0,1.0,1.0,1.0,0.20551133155822754,0.24784833192825317,0.27642637491226196,0.27021393179893494,0.8781119585037231,0.9337318539619446,0.8763605356216431
val_Fight_MxkTo5F-nvU_2_8fc7eeb1,1,1.0,0.78125,1.0,1.0,1.0,0.9125000000000001,0.27388450503349304,0.19151580333709717,0.2340461164712906,0.3005535304546356,0.2146066278219223,0.1261872500181198,0.20219621062278748
val_Fight_MxkTo5F-nvU_3_747b5dc8,1,1.0,0.5625,1.0,1.0,1.0,0.825,0.2739156484603882,0.19149406254291534,0.23400788009166718,0.3005824387073517,0.9443393349647522,0.9732823967933655,0.9453502297401428
val_Fight_MxkTo5F-nvU_4_9c57502d,1,1.0,0.5,1.0,1.0,1.0,0.8,0.2739180326461792,0.19149236381053925,0.2340048998594284,0.30058467388153076,0.9286848902702332,0.9617575407028198,0.9302384853363037
val_Fight_OvDMIkTb4XU_0_4efc31c8,1,0.5,0.0,1.0,0.5,0.5,0.30000000000000004,0.24668706953525543,0.20304633677005768,0.2766425907611847,0.2736240029335022,0.9344543814659119,0.9758375287055969,0.9361445903778076
val_Fight_OvDMIkTb4XU_1_9a03a6a8,1,0.125,0.0,0.84375,0.125,0.125,0.07500000000000001,0.2582595944404602,0.19534257054328918,0.2954101264476776,0.2509876787662506,0.8007091879844666,0.9418568015098572,0.8097065687179565
val_Fight_OvDMIkTb4XU_2_e5e4dafb,1,0.28125,0.0,0.9375,0.28125,0.28125,0.16875,0.254216730594635,0.19765210151672363,0.2882380783557892,0.2598930895328522,0.8631646037101746,0.9372610449790955,0.864490807056427
val_Fight_OvDMIkTb4XU_3_568ddf21,1,0.28125,0.0,0.875,0.25,0.28125,0.1625,0.2540687918663025,0.19661149382591248,0.287672221660614,0.2616475224494934,0.8903459310531616,0.961611807346344,0.8963000774383545
val_Fight_OvDMIkTb4XU_4_20f29b33,1,0.96875,0.09375,0.96875,0.9375,0.96875,0.6125,0.2725982964038849,0.19047197699546814,0.2351086288690567,0.30182114243507385,0.9275810718536377,0.9761167764663696,0.930490255355835
val_Fight_Q0v2MB0b_0_d0dd4d35,1,0.71875,0.46875,1.0,0.71875,0.71875,0.61875,0.24783970415592194,0.20189815759658813,0.2784835994243622,0.27177855372428894,0.8789680004119873,0.9326173067092896,0.8772795796394348
val_Fight_Qj3oZsaqNGE_0_f8c5a7ce,1,0.5,0.03125,1.0,0.5,0.5,0.3125,0.2473255842924118,0.2024063616991043,0.27764734625816345,0.27262064814567566,0.9329198002815247,0.9693971872329712,0.9346134662628174
val_Fight_Qj3oZsaqNGE_1_188d1e9a,1,0.625,0.09375,1.0,0.625,0.625,0.4125,0.24699941277503967,0.20475129783153534,0.27165845036506653,0.2765907943248749,0.9440085291862488,0.9741885662078857,0.9452351927757263
val_Fight_Qtcwz_K2Gvo_0_4a2a7377,1,1.0,0.53125,1.0,1.0,1.0,0.8125,0.27391695976257324,0.19149312376976013,0.23400625586509705,0.3005836606025696,0.9528038501739502,0.9819905161857605,0.954498291015625
val_Fight_Qtcwz_K2Gvo_1_2bbeadaa,1,0.9375,0.65625,1.0,0.9375,0.9375,0.825,0.2641333341598511,0.19617579877376556,0.24721139669418335,0.2924794852733612,0.9500800371170044,0.9822354316711426,0.9517189860343933
val_Fight_RETYTDF_523_7c9b09bf,1,1.0,0.5625,1.0,1.0,1.0,0.825,0.2739156484603882,0.19149406254291534,0.23400788009166718,0.3005824387073517,0.9405204057693481,0.9736166596412659,0.942436158657074
val_Fight_RETYTDF_524_38a283a3,1,1.0,1.0,1.0,1.0,1.0,1.0,0.20551133155822754,0.24784833192825317,0.27642637491226196,0.27021393179893494,0.9197376370429993,0.9621230959892273,0.9208052754402161
val_Fight_RIXaF_TkLlU_0_20bc0c7d,1,0.84375,0.21875,0.84375,0.84375,0.90625,0.59375,0.2739208936691284,0.19149038195610046,0.23400138318538666,0.30058732628822327,0.8741993308067322,0.9570190906524658,0.8757587671279907
val_Fight_RIXaF_TkLlU_1_794b036a,1,1.0,0.90625,1.0,1.0,1.0,0.9625000000000001,0.2737010717391968,0.1916441172361374,0.2342716008424759,0.30038321018218994,0.8846390843391418,0.9566785097122192,0.886691153049469
val_Fight_RIXaF_TkLlU_2_53d31af2,1,0.9375,0.625,0.96875,0.9375,0.9375,0.8125,0.26961883902549744,0.19349855184555054,0.23980054259300232,0.2970820665359497,0.9428130984306335,0.9810085296630859,0.944852352142334
val_Fight_RIXaF_TkLlU_3_b7580d03,1,1.0,0.71875,0.96875,0.96875,1.0,0.88125,0.27247461676597595,0.18720978498458862,0.22997309267520905,0.3103425204753876,0.9458664655685425,0.9800742268562317,0.9474372267723083
val_Fight_RIXaF_TkLlU_4_3778a0c0,1,1.0,0.625,1.0,1.0,1.0,0.8500000000000001,0.27391186356544495,0.19149670004844666,0.23401249945163727,0.3005789518356323,0.9372260570526123,0.9762311577796936,0.9394646883010864
val_Fight_RIXaF_TkLlU_5_3276c651,1,1.0,1.0,1.0,1.0,1.0,1.0,0.20551133155822754,0.24784833192825317,0.27642637491226196,0.27021393179893494,0.9332930445671082,0.9744769930839539,0.9346469640731812
val_Fight_RTHTRS_697_d8e08bf0,1,1.0,1.0,1.0,1.0,1.0,1.0,0.20551133155822754,0.24784833192825317,0.27642637491226196,0.27021393179893494,0.9232468605041504,0.970586359500885,0.9253042936325073
val_Fight_RTHTRS_698_b04a35e9,1,1.0,1.0,1.0,1.0,1.0,1.0,0.20551133155822754,0.24784833192825317,0.27642637491226196,0.27021393179893494,0.9293392300605774,0.9707541465759277,0.930640459060669
val_Fight_RTHTRS_699_3f3b94a9,1,1.0,1.0,1.0,1.0,1.0,1.0,0.20551133155822754,0.24784833192825317,0.27642637491226196,0.27021393179893494,0.9412032961845398,0.9791052937507629,0.9428396821022034
val_Fight_RTHTRS_705_e7063f7d,1,1.0,1.0,1.0,1.0,1.0,1.0,0.20551133155822754,0.24784833192825317,0.27642637491226196,0.27021393179893494,0.918525218963623,0.9696344137191772,0.9203314781188965
val_Fight_RTHTRS_706_ee97b9ef,1,1.0,0.875,1.0,1.0,1.0,0.95,0.27379921078681946,0.19157549738883972,0.2341509312391281,0.3004743754863739,0.9500959515571594,0.9798352718353271,0.9514187574386597
val_Fight_RTHTRS_707_52d90c81,1,1.0,0.875,1.0,1.0,1.0,0.95,0.27379921078681946,0.19157549738883972,0.2341509312391281,0.3004743754863739,0.9470623731613159,0.977075457572937,0.9483165144920349
val_Fight_RTHTRS_717_2bdea995,1,1.0,0.96875,1.0,1.0,1.0,0.9875,0.2719710171222687,0.19285261631011963,0.23640139400959015,0.29877495765686035,0.9458509087562561,0.9761068820953369,0.9472870826721191
val_Fight_RTHTRS_718_8ad4651d,1,1.0,1.0,1.0,1.0,1.0,1.0,0.20551133155822754,0.24784833192825317,0.27642637491226196,0.27021393179893494,0.9451049566268921,0.9802683591842651,0.9464978575706482
val_Fight_RTHTRS_719_fc8b9dc5,1,1.0,0.96875,1.0,1.0,1.0,0.9875,0.2719710171222687,0.19285261631011963,0.23640139400959015,0.29877495765686035,0.910402774810791,0.9489708542823792,0.9111144542694092
val_Fight_RTHTRS_720_34185bbd,1,1.0,0.90625,1.0,1.0,1.0,0.9625000000000001,0.2737010717391968,0.1916441172361374,0.2342716008424759,0.30038321018218994,0.8811839818954468,0.937667727470398,0.8847107291221619
val_Fight_Ry5c1PbcIa0_0_e0573c1c,1,0.96875,0.875,0.96875,0.96875,0.96875,0.93125,0.2737010717391968,0.1916441172361374,0.2342716008424759,0.30038321018218994,0.8563385009765625,0.9384903907775879,0.8546197414398193
val_Fight_SDFDSSDF_972_55e50a06,1,1.0,1.0,1.0,1.0,1.0,1.0,0.20551133155822754,0.24784833192825317,0.27642637491226196,0.27021393179893494,0.9150487780570984,0.9581770300865173,0.9146320223808289
val_Fight_SDFDSSDF_973_c4a3ec6,1,1.0,1.0,1.0,1.0,1.0,1.0,0.20551133155822754,0.24784833192825317,0.27642637491226196,0.27021393179893494,0.9425721168518066,0.9783827662467957,0.9437776207923889
val_Fight_SDFDSSDF_974_81124de0,1,1.0,0.875,1.0,1.0,1.0,0.95,0.27379921078681946,0.19157549738883972,0.2341509312391281,0.3004743754863739,0.9540765285491943,0.983470618724823,0.9556376934051514
val_Fight_SDFDSSDF_976_80813f8a,1,1.0,1.0,1.0,1.0,1.0,1.0,0.20551133155822754,0.24784833192825317,0.27642637491226196,0.27021393179893494,0.9128867983818054,0.9560108184814453,0.9126262068748474
val_Fight_SDFDSSDF_977_af5353e3,1,1.0,1.0,1.0,1.0,1.0,1.0,0.20551133155822754,0.24784833192825317,0.27642637491226196,0.27021393179893494,0.9497736692428589,0.9825417995452881,0.9512175917625427
val_Fight_SDFDSSDF_978_6096c976,1,1.0,0.8125,1.0,1.0,1.0,0.925,0.2738695442676544,0.19152626395225525,0.2340644896030426,0.30053967237472534,0.9507495760917664,0.9812259674072266,0.9522513747215271
val_Fight_SJRnWfHAx_E_0_68c1d651,1,1.0,0.3125,1.0,1.0,1.0,0.7250000000000001,0.27392178773880005,0.19148974120616913,0.2340003103017807,0.3005881607532501,0.927149772644043,0.9717050194740295,0.929451584815979
val_Fight_SJRnWfHAx_E_1_1cf19db5,1,1.0,0.90625,0.96875,0.96875,1.0,0.95625,0.2583461105823517,0.18408116698265076,0.21622145175933838,0.34135130047798157,0.9376267194747925,0.9719080328941345,0.9391819834709167
val_Fight_SJRnWfHAx_E_2_6262659b,1,0.6875,0.65625,0.96875,0.96875,0.96875,0.7312500000000001,0.2309097796678543,0.2162303626537323,0.2908329367637634,0.26202690601348877,0.8992323875427246,0.9657614827156067,0.9011040329933167
val_Fight_SJRnWfHAx_E_4_d04b5699,1,1.0,0.1875,1.0,1.0,1.0,0.675,0.27392297983169556,0.19148890674114227,0.2339988350868225,0.30058926343917847,0.81386798620224,0.9179006814956665,0.8153760433197021
val_Fight_TYRFDVD_1104_41985255,1,1.0,1.0,1.0,1.0,1.0,1.0,0.20551133155822754,0.24784833192825317,0.27642637491226196,0.27021393179893494,0.9355979561805725,0.972612202167511,0.9367273449897766
val_Fight_TYRFDVD_1105_a333d349,1,1.0,1.0,1.0,1.0,1.0,1.0,0.20551133155822754,0.24784833192825317,0.27642637491226196,0.27021393179893494,0.9162522554397583,0.96440190076828,0.9168410897254944
val_Fight_TYRFDVD_1106_dba25d2b,1,1.0,0.5625,1.0,1.0,1.0,0.825,0.2739156484603882,0.19149406254291534,0.23400788009166718,0.3005824387073517,0.1127590760588646,0.051373038440942764,0.10510856658220291
val_Fight_TYRFDVD_1109_4b4e2b57,1,1.0,1.0,1.0,1.0,1.0,1.0,0.20551133155822754,0.24784833192825317,0.27642637491226196,0.27021393179893494,0.8392548561096191,0.8784175515174866,0.8366305828094482
val_Fight_TYRFDVD_1110_5156772c,1,1.0,0.9375,1.0,1.0,1.0,0.9750000000000001,0.2734226882457733,0.19183874130249023,0.234613835811615,0.3001247048377991,0.8749181628227234,0.919628381729126,0.8736856579780579
val_Fight_TYRFDVD_1112_218067a1,1,1.0,0.4375,1.0,1.0,1.0,0.7750000000000001,0.2739197313785553,0.19149120151996613,0.23400285840034485,0.3005862236022949,0.09400638937950134,0.03429572284221649,0.08638255298137665
val_Fight_TYRFDVD_1113_9efdc4ab,1,1.0,0.96875,1.0,1.0,1.0,0.9875,0.2719710171222687,0.19285261631011963,0.23640139400959015,0.29877495765686035,0.9189478158950806,0.9522698521614075,0.9195159673690796
val_Fight_Wq0BuA8GM84_0_49cbccaa,1,0.8125,0.125,0.84375,0.78125,0.8125,0.53125,0.27024587988853455,0.19115296006202698,0.23812326788902283,0.30047789216041565,0.9505314230918884,0.9822810888290405,0.9522048830986023
val_Fight_XM0NI7ZmwWM_0_b23df199,1,1.0,1.0,1.0,1.0,1.0,1.0,0.20551133155822754,0.24784833192825317,0.27642637491226196,0.27021393179893494,0.20678460597991943,0.08323590457439423,0.1949830949306488
val_Fight_XM0NI7ZmwWM_1_81dadd09,1,1.0,1.0,1.0,1.0,1.0,1.0,0.20551133155822754,0.24784833192825317,0.27642637491226196,0.27021393179893494,0.1833750307559967,0.06253056973218918,0.17076809704303741
val_Fight_XM0NI7ZmwWM_2_cc5fa991,1,1.0,1.0,1.0,1.0,1.0,1.0,0.20551133155822754,0.24784833192825317,0.27642637491226196,0.27021393179893494,0.08952265232801437,0.02597951330244541,0.08174502104520798
val_Fight_XM0NI7ZmwWM_3_f3d52d7,1,1.0,1.0,1.0,1.0,1.0,1.0,0.20551133155822754,0.24784833192825317,0.27642637491226196,0.27021393179893494,0.12004075199365616,0.03204295411705971,0.10999434441328049
val_Fight_Xcd0v-KhKL4_0_93d832e6,1,1.0,0.8125,1.0,1.0,1.0,0.925,0.2738695442676544,0.19152626395225525,0.2340644896030426,0.30053967237472534,0.9468583464622498,0.9798679947853088,0.9484636187553406
val_Fight_YDOJvzChqSg_0_c9cb43f0,1,0.59375,0.0,0.9375,0.59375,0.59375,0.35625,0.2488950937986374,0.20394332706928253,0.2680318057537079,0.2791297733783722,0.9384976029396057,0.9743845462799072,0.9396963119506836
val_Fight_YDOJvzChqSg_1_64f76885,1,0.65625,0.0,0.78125,0.5625,0.65625,0.375,0.2591935694217682,0.19251607358455658,0.25157198309898376,0.29671841859817505,0.9363678693771362,0.9711583852767944,0.9368496537208557
val_Fight_YDOJvzChqSg_2_ce890ebb,1,0.78125,0.03125,0.90625,0.71875,0.78125,0.46875,0.26311516761779785,0.1930748075246811,0.2472066581249237,0.29660335183143616,0.9470165371894836,0.9800192713737488,0.948047935962677
val_Fight_YDOJvzChqSg_3_7ac70f0f,1,0.8125,0.1875,0.875,0.75,0.8125,0.55,0.26541537046432495,0.19108854234218597,0.24369823932647705,0.29979783296585083,0.9202790856361389,0.9694198369979858,0.9230372905731201
val_Fight_YDOJvzChqSg_4_a12cf991,1,0.875,0.1875,0.96875,0.84375,0.875,0.59375,0.2661670744419098,0.19318674504756927,0.24369287490844727,0.29695335030555725,0.9521045088768005,0.9816725850105286,0.9531543850898743
val_Fight_bW2vHhYbzHM_0_da059242,1,0.625,0.03125,1.0,0.65625,0.65625,0.39375000000000004,0.24883094429969788,0.205518439412117,0.26878899335861206,0.2768615782260895,0.09549716860055923,0.0419396311044693,0.08918315172195435
val_Fight_e5Dmmply_0_7b629eea,1,1.0,1.0,1.0,1.0,1.0,1.0,0.20551133155822754,0.24784833192825317,0.27642637491226196,0.27021393179893494,0.9447023272514343,0.9792126417160034,0.9458476901054382
val_Fight_e5Dmmply_1_ab929a43,1,1.0,1.0,1.0,1.0,1.0,1.0,0.20551133155822754,0.24784833192825317,0.27642637491226196,0.27021393179893494,0.9442239999771118,0.9778432250022888,0.9455953240394592
val_Fight_e5Dmmply_2_3991a085,1,1.0,0.65625,1.0,1.0,1.0,0.8625,0.27390918135643005,0.1914985626935959,0.23401577770709991,0.30057644844055176,0.9459726214408875,0.9797458052635193,0.9477498531341553
val_Fight_etyiEs3j8x8_0_6375f426,1,1.0,0.90625,1.0,1.0,1.0,0.9625000000000001,0.2737010717391968,0.1916441172361374,0.2342716008424759,0.30038321018218994,0.9472097754478455,0.9762321710586548,0.9485478401184082
val_Fight_etyiEs3j8x8_1_5cd14a17,1,1.0,0.625,1.0,1.0,1.0,0.8500000000000001,0.27391186356544495,0.19149670004844666,0.23401249945163727,0.3005789518356323,0.933474063873291,0.9766891002655029,0.9357448220252991
val_Fight_etyiEs3j8x8_2_975e02a,1,0.8125,0.375,1.0,0.84375,0.84375,0.64375,0.257840096950531,0.2020464837551117,0.25664767622947693,0.28346574306488037,0.9272274374961853,0.9761497378349304,0.9303784966468811
val_Fight_etyiEs3j8x8_3_734a0817,1,1.0,0.9375,1.0,1.0,1.0,0.9750000000000001,0.2734226882457733,0.19183874130249023,0.234613835811615,0.3001247048377991,0.9147072434425354,0.9670981168746948,0.9171395897865295
val_Fight_etyiEs3j8x8_4_9645a76a,1,1.0,0.90625,1.0,1.0,1.0,0.9625000000000001,0.2737010717391968,0.1916441172361374,0.2342716008424759,0.30038321018218994,0.9440566301345825,0.977861225605011,0.9456605911254883
val_Fight_etyiEs3j8x8_5_671515b7,1,1.0,1.0,1.0,1.0,1.0,1.0,0.20551133155822754,0.24784833192825317,0.27642637491226196,0.27021393179893494,0.9419872164726257,0.9767822623252869,0.9428980946540833
val_Fight_etyiEs3j8x8_8_5d0f02b8,1,1.0,0.84375,1.0,1.0,1.0,0.9375,0.27384480834007263,0.1915436089038849,0.23409494757652283,0.30051666498184204,0.9532300233840942,0.9823419451713562,0.9548565745353699
val_Fight_fbtEhNq5a6E_0_96f22b4c,1,1.0,0.53125,0.9375,0.9375,1.0,0.8,0.2715144157409668,0.18669281899929047,0.22873349487781525,0.3130592405796051,0.9390301704406738,0.979668915271759,0.9410003423690796
val_Fight_g-qjkePEXQA_0_55357c5f,1,1.0,0.71875,1.0,1.0,1.0,0.8875,0.2739008963108063,0.1915043592453003,0.2340259701013565,0.30056875944137573,0.9410197138786316,0.9789902567863464,0.9430325031280518
val_Fight_g-qjkePEXQA_1_20477209,1,0.96875,0.71875,1.0,0.96875,0.96875,0.86875,0.2685002088546753,0.19403766095638275,0.24130859971046448,0.2961535155773163,0.9520174860954285,0.9831053614616394,0.9534469246864319
val_Fight_g-qjkePEXQA_2_6d6e8c3a,1,0.90625,0.3125,1.0,0.90625,0.90625,0.6687500000000001,0.2670494019985199,0.19473662972450256,0.24326974153518677,0.29494422674179077,0.9284701347351074,0.969011664390564,0.9308604598045349
val_Fight_g-qjkePEXQA_3_65c17f54,1,0.6875,0.375,1.0,0.6875,0.6875,0.5625,0.24668580293655396,0.2030486762523651,0.2766438126564026,0.27362170815467834,0.9168685078620911,0.9728103876113892,0.9192908406257629
val_Fight_g6jdqkcdgqk_1_bf987088,1,1.0,0.96875,1.0,1.0,1.0,0.9875,0.2719710171222687,0.19285261631011963,0.23640139400959015,0.29877495765686035,0.9441834092140198,0.9757591485977173,0.9455088973045349
val_Fight_g6jdqkcdgqk_2_3403a2bf,1,1.0,1.0,1.0,1.0,1.0,1.0,0.20551133155822754,0.24784833192825317,0.27642637491226196,0.27021393179893494,0.9147048592567444,0.9580664038658142,0.9151925444602966
val_Fight_g6jdqkcdgqk_3_dc85aad8,1,1.0,0.90625,0.96875,0.96875,1.0,0.95625,0.2583461105823517,0.18408116698265076,0.21622145175933838,0.34135130047798157,0.15071173012256622,0.12634578347206116,0.14117160439491272
val_Fight_g6jdqkcdgqk_4_62b278ba,1,1.0,1.0,1.0,1.0,1.0,1.0,0.20551133155822754,0.24784833192825317,0.27642637491226196,0.27021393179893494,0.9164784550666809,0.9603476524353027,0.9161578416824341
val_Fight_g6jdqkcdgqk_5_b427aea6,1,1.0,0.96875,0.96875,0.96875,1.0,0.9812500000000001,0.20167575776576996,0.21792232990264893,0.20062896609306335,0.37977299094200134,0.9449485540390015,0.9661989808082581,0.9460347890853882
val_Fight_hytjfg_354_741b7979,1,1.0,1.0,1.0,1.0,1.0,1.0,0.20551133155822754,0.24784833192825317,0.27642637491226196,0.27021393179893494,0.9457592964172363,0.9799304008483887,0.9470838904380798
val_Fight_mwuiYEBdkJs_0_15594a71,1,1.0,0.71875,1.0,1.0,1.0,0.8875,0.2739008963108063,0.1915043592453003,0.2340259701013565,0.30056875944137573,0.9168210029602051,0.9609827995300293,0.9183223247528076
val_Fight_mwuiYEBdkJs_1_c291cf6e,1,1.0,0.46875,1.0,1.0,1.0,0.7875000000000001,0.2739189565181732,0.1914917230606079,0.23400379717350006,0.30058553814888,0.8395728468894958,0.9396913647651672,0.8415143489837646
val_Fight_mwuiYEBdkJs_2_1f74542e,1,1.0,0.9375,1.0,1.0,1.0,0.9750000000000001,0.2734226882457733,0.19183874130249023,0.234613835811615,0.3001247048377991,0.8174455761909485,0.8768340349197388,0.8152455687522888
val_Fight_mwuiYEBdkJs_3_87b41cdc,1,1.0,0.3125,1.0,1.0,1.0,0.7250000000000001,0.27392178773880005,0.19148974120616913,0.2340003103017807,0.3005881607532501,0.925672173500061,0.9695295095443726,0.9278128147125244
val_Fight_mwuiYEBdkJs_4_e8678598,1,0.96875,0.34375,1.0,0.96875,0.96875,0.71875,0.2718125879764557,0.19245941936969757,0.23684421181678772,0.2988837957382202,0.9196943044662476,0.9611930847167969,0.9212350845336914
val_Fight_mwuiYEBdkJs_5_76b41f1f,1,1.0,1.0,1.0,1.0,1.0,1.0,0.20551133155822754,0.24784833192825317,0.27642637491226196,0.27021393179893494,0.7596701979637146,0.8445756435394287,0.7570027709007263
val_Fight_nVdn1krnTCQ_0_a84a9af2,1,1.0,0.90625,1.0,1.0,1.0,0.9625000000000001,0.2737010717391968,0.1916441172361374,0.2342716008424759,0.30038321018218994,0.9509497284889221,0.9807037115097046,0.9523951411247253
val_Fight_nVdn1krnTCQ_1_b72fdece,1,0.96875,0.875,1.0,0.96875,0.96875,0.93125,0.2590335011482239,0.19876421988010406,0.25412118434906006,0.2880811393260956,0.9430984258651733,0.9781725406646729,0.9446345567703247
val_Fight_nVdn1krnTCQ_2_82758bab,1,1.0,0.625,1.0,1.0,1.0,0.8500000000000001,0.27391186356544495,0.19149670004844666,0.23401249945163727,0.3005789518356323,0.952019989490509,0.9833309054374695,0.9536041617393494
val_Fight_nVdn1krnTCQ_3_3c79738d,1,0.96875,0.3125,0.96875,0.9375,0.96875,0.7,0.2721288800239563,0.19014357030391693,0.2355106770992279,0.30221685767173767,0.9442591071128845,0.9793542623519897,0.9464635848999023
val_Fight_nVdn1krnTCQ_4_abfc8deb,1,1.0,0.78125,0.96875,0.96875,1.0,0.90625,0.27102234959602356,0.1865207999944687,0.22825729846954346,0.3141995668411255,0.9386220574378967,0.9680253863334656,0.9396157264709473
val_Fight_nVdn1krnTCQ_6_9cc5658a,1,1.0,0.75,1.0,1.0,1.0,0.9000000000000001,0.27389422059059143,0.19150902330875397,0.23403416574001312,0.3005625605583191,0.2590743601322174,0.18354292213916779,0.23437239229679108
val_Fight_nuf-d5GugL0_0_fc12a19b,1,1.0,1.0,1.0,1.0,1.0,1.0,0.20551133155822754,0.24784833192825317,0.27642637491226196,0.27021393179893494,0.8359704613685608,0.9230674505233765,0.8268846869468689
val_Fight_nuf-d5GugL0_10_b4a14d2c,1,1.0,1.0,1.0,1.0,1.0,1.0,0.20551133155822754,0.24784833192825317,0.27642637491226196,0.27021393179893494,0.9325255155563354,0.9675488471984863,0.9334141612052917
val_Fight_nuf-d5GugL0_1_174b4717,1,1.0,1.0,1.0,1.0,1.0,1.0,0.20551133155822754,0.24784833192825317,0.27642637491226196,0.27021393179893494,0.9283501505851746,0.9637724757194519,0.928867518901825
val_Fight_nuf-d5GugL0_2_ff6e2bc9,1,1.0,1.0,1.0,1.0,1.0,1.0,0.20551133155822754,0.24784833192825317,0.27642637491226196,0.27021393179893494,0.9388830065727234,0.9716159701347351,0.9398111701011658
val_Fight_nuf-d5GugL0_3_c4fbe8da,1,1.0,1.0,1.0,1.0,1.0,1.0,0.20551133155822754,0.24784833192825317,0.27642637491226196,0.27021393179893494,0.9466879963874817,0.9786390066146851,0.9479045271873474
val_Fight_nuf-d5GugL0_4_ee9556ee,1,1.0,1.0,1.0,1.0,1.0,1.0,0.20551133155822754,0.24784833192825317,0.27642637491226196,0.27021393179893494,0.9292803406715393,0.9610565304756165,0.929828941822052
val_Fight_nuf-d5GugL0_5_d8e6bc79,1,1.0,1.0,1.0,1.0,1.0,1.0,0.20551133155822754,0.24784833192825317,0.27642637491226196,0.27021393179893494,0.9420897364616394,0.975444495677948,0.9431699514389038
val_Fight_nuf-d5GugL0_6_68551aae,1,1.0,1.0,1.0,1.0,1.0,1.0,0.20551133155822754,0.24784833192825317,0.27642637491226196,0.27021393179893494,0.9516566395759583,0.9834927320480347,0.9530171751976013
val_Fight_nuf-d5GugL0_7_a7333157,1,1.0,1.0,1.0,1.0,1.0,1.0,0.20551133155822754,0.24784833192825317,0.27642637491226196,0.27021393179893494,0.9454193115234375,0.9777206778526306,0.9465187788009644
val_Fight_nuf-d5GugL0_9_25513cbf,1,1.0,1.0,1.0,1.0,1.0,1.0,0.20551133155822754,0.24784833192825317,0.27642637491226196,0.27021393179893494,0.9063849449157715,0.9380441308021545,0.9064100384712219
val_Fight_qaAclucigpY_0_6938e855,1,1.0,0.53125,1.0,1.0,1.0,0.8125,0.27391695976257324,0.19149312376976013,0.23400625586509705,0.3005836606025696,0.9547666907310486,0.9818481206893921,0.9561579823493958
val_Fight_qaAclucigpY_1_705f06c6,1,1.0,0.65625,1.0,1.0,1.0,0.8625,0.27390918135643005,0.1914985626935959,0.23401577770709991,0.30057644844055176,0.9405249357223511,0.9725964069366455,0.9421615600585938
val_Fight_qaAclucigpY_2_f656cf81,1,1.0,0.40625,1.0,1.0,1.0,0.7625,0.27392035722732544,0.19149073958396912,0.23400205373764038,0.3005868196487427,0.9298046231269836,0.9755950570106506,0.9322221875190735
val_Fight_qaAclucigpY_3_dc355379,1,1.0,0.75,1.0,1.0,1.0,0.9000000000000001,0.27389422059059143,0.19150902330875397,0.23403416574001312,0.3005625605583191,0.8509774208068848,0.9580538272857666,0.85321444272995
val_Fight_tf_X7GtOGyE_0_ca9e8810,1,1.0,1.0,1.0,1.0,1.0,1.0,0.20551133155822754,0.24784833192825317,0.27642637491226196,0.27021393179893494,0.9282147288322449,0.9653612375259399,0.9289616346359253
val_Fight_tf_X7GtOGyE_1_b730b22b,1,1.0,0.9375,1.0,1.0,1.0,0.9750000000000001,0.2734226882457733,0.19183874130249023,0.234613835811615,0.3001247048377991,0.9544578790664673,0.9831578731536865,0.9558157324790955
val_Fight_tf_X7GtOGyE_2_f3d8b449,1,1.0,0.9375,1.0,1.0,1.0,0.9750000000000001,0.2734226882457733,0.19183874130249023,0.234613835811615,0.3001247048377991,0.9507575631141663,0.9789712429046631,0.9519750475883484
val_Fight_tf_X7GtOGyE_3_232e2ceb,1,1.0,0.78125,1.0,1.0,1.0,0.9125000000000001,0.27388450503349304,0.19151580333709717,0.2340461164712906,0.3005535304546356,0.9541050791740417,0.98142009973526,0.9554306864738464
val_Fight_trtrhrt_1039_ac7bf974,1,1.0,1.0,1.0,1.0,1.0,1.0,0.20551133155822754,0.24784833192825317,0.27642637491226196,0.27021393179893494,0.9333288073539734,0.967836320400238,0.9339402914047241
val_Fight_trtrhrt_1040_dbd3dee3,1,1.0,1.0,1.0,1.0,1.0,1.0,0.20551133155822754,0.24784833192825317,0.27642637491226196,0.27021393179893494,0.9435468316078186,0.9766794443130493,0.9448110461235046
val_Fight_trtrhrt_1048_5f9e2656,1,0.96875,0.8125,1.0,0.96875,0.96875,0.90625,0.2650943100452423,0.19570930302143097,0.24590599536895752,0.293290376663208,0.9524323344230652,0.9831246137619019,0.9539026021957397
val_Fight_trtrhrt_1049_3525a329,1,1.0,0.75,1.0,1.0,1.0,0.9000000000000001,0.27389422059059143,0.19150902330875397,0.23403416574001312,0.3005625605583191,0.956866443157196,0.9840472340583801,0.9583565592765808
val_Fight_trtrhrt_1050_8cafa3d5,1,1.0,0.78125,1.0,1.0,1.0,0.9125000000000001,0.27388450503349304,0.19151580333709717,0.2340461164712906,0.3005535304546356,0.9540083408355713,0.9841417670249939,0.9555830955505371
val_Fight_trtrhrt_1053_e64f8782,1,0.90625,0.25,1.0,0.90625,0.90625,0.64375,0.2677250802516937,0.1944075971841812,0.24235741794109344,0.2955099046230316,0.9448617100715637,0.9797223210334778,0.9470744729042053
val_Fight_trtrhrt_1054_c284eb90,1,0.96875,0.625,1.0,0.96875,0.96875,0.8312499999999999,0.2700224816799164,0.19330546259880066,0.23925656080245972,0.29741552472114563,0.9476609826087952,0.979895830154419,0.9494404196739197
val_Fight_v4dhdnsxiX4_0_d9c7ff2f,1,1.0,0.90625,1.0,1.0,1.0,0.9625000000000001,0.2737010717391968,0.1916441172361374,0.2342716008424759,0.30038321018218994,0.949327290058136,0.9799382090568542,0.950927197933197
val_Fight_v4dhdnsxiX4_1_81a3ac69,1,1.0,0.8125,1.0,1.0,1.0,0.925,0.2738695442676544,0.19152626395225525,0.2340644896030426,0.30053967237472534,0.9454981684684753,0.9798571467399597,0.9472076296806335
val_Fight_v4dhdnsxiX4_2_fa410e37,1,1.0,0.78125,1.0,1.0,1.0,0.9125000000000001,0.27388450503349304,0.19151580333709717,0.2340461164712906,0.3005535304546356,0.9216517806053162,0.970527708530426,0.9234110116958618
val_Fight_v4dhdnsxiX4_3_8c05b6c2,1,1.0,1.0,1.0,1.0,1.0,1.0,0.20551133155822754,0.24784833192825317,0.27642637491226196,0.27021393179893494,0.9020655751228333,0.9703300595283508,0.9063143134117126
val_Fight_xDjgfhGt-YA_0_be9fdb51,1,0.96875,0.6875,0.96875,0.9375,0.96875,0.8500000000000001,0.26939910650253296,0.18848741054534912,0.23792564868927002,0.3041878938674927,0.9505945444107056,0.9823018312454224,0.952031135559082
val_Fight_y_vX9FtjLaQ_0_a24a8076,1,1.0,0.875,1.0,1.0,1.0,0.95,0.27379921078681946,0.19157549738883972,0.2341509312391281,0.3004743754863739,0.9249398708343506,0.973016083240509,0.9279586672782898
val_Fight_y_vX9FtjLaQ_1_fc70f6a6,1,1.0,0.78125,1.0,1.0,1.0,0.9125000000000001,0.27388450503349304,0.19151580333709717,0.2340461164712906,0.3005535304546356,0.9366730451583862,0.9765358567237854,0.9394417405128479
val_Fight_y_vX9FtjLaQ_2_ea8e3516,1,0.96875,0.75,1.0,0.96875,0.96875,0.88125,0.26769471168518066,0.1944291889667511,0.24239498376846313,0.2954811155796051,0.9493328332901001,0.9806853532791138,0.9510718584060669
val_Fight_y_vX9FtjLaQ_3_20071f40,1,0.9375,0.9375,1.0,0.9375,0.9375,0.9375,0.2598736584186554,0.19354736804962158,0.30086666345596313,0.24571235477924347,0.9123311042785645,0.9622859954833984,0.9123271107673645
val_Fight_y_vX9FtjLaQ_4_3311cf89,1,1.0,0.96875,1.0,1.0,1.0,0.9875,0.2719710171222687,0.19285261631011963,0.23640139400959015,0.29877495765686035,0.9401645660400391,0.972794234752655,0.9416102766990662
val_Fight_y_vX9FtjLaQ_5_110fda0f,1,1.0,1.0,1.0,1.0,1.0,1.0,0.20551133155822754,0.24784833192825317,0.27642637491226196,0.27021393179893494,0.927222490310669,0.974361777305603,0.9286505579948425
val_Fight_y_vX9FtjLaQ_6_e2ecdae4,1,1.0,0.9375,1.0,1.0,1.0,0.9750000000000001,0.2734226882457733,0.19183874130249023,0.234613835811615,0.3001247048377991,0.944145917892456,0.9733664989471436,0.9456754922866821
val_Fight_zOqs7Oh9oDM_0_bd7c24cb,1,0.78125,0.375,0.78125,0.78125,0.78125,0.61875,0.2739139795303345,0.19149522483348846,0.23400993645191193,0.3005808889865875,0.9437349438667297,0.9764217138290405,0.945838451385498
val_Fight_zOqs7Oh9oDM_1_519955f7,1,0.78125,0.21875,0.75,0.71875,0.78125,0.5437500000000001,0.2710844874382019,0.18774454295635223,0.2338772565126419,0.3072936534881592,0.9361076951026917,0.9693469405174255,0.9373806118965149
val_Fight_zOqs7Oh9oDM_2_fe1eea20,1,1.0,0.125,0.96875,0.96875,1.0,0.64375,0.27408531308174133,0.18978078663349152,0.23308420181274414,0.3030496835708618,0.9420803785324097,0.9791411757469177,0.944606363773346
val_Fight_zOqs7Oh9oDM_3_e018e2df,1,0.875,0.0625,0.96875,0.875,0.875,0.55,0.2689524292945862,0.19381435215473175,0.24070115387439728,0.29653200507164,0.9201726913452148,0.9694896340370178,0.9232040047645569
val_NonFight_10uSOcwS_0_8c7269d4,0,0.03125,0.0,1.0,0.03125,0.03125,0.018750000000000003,0.2598246932029724,0.19364823400974274,0.2999019920825958,0.24662508070468903,0.042903173714876175,0.0167656559497118,0.04207949712872505
val_NonFight_1AURh0Wj_0_e0273a72,0,1.0,1.0,1.0,1.0,1.0,1.0,0.20551133155822754,0.24784833192825317,0.27642637491226196,0.27021393179893494,0.2116534411907196,0.4611065089702606,0.19906160235404968
val_NonFight_1MVS2QPWbHc_0_361da70b,0,1.0,0.0625,1.0,1.0,1.0,0.625,0.27392372488975525,0.19148840010166168,0.2339978814125061,0.3005899488925934,0.05093174800276756,0.02121647447347641,0.04771009460091591
val_NonFight_1MVS2QPWbHc_1_298ce0ca,0,1.0,0.625,0.96875,0.96875,1.0,0.84375,0.2736016809940338,0.18785203993320465,0.23150096833705902,0.3070453405380249,0.3226572871208191,0.25293755531311035,0.29920274019241333
val_NonFight_1W8hsVvyKt4_0_ab8d59f7,0,1.0,0.0,1.0,1.0,1.0,0.6000000000000001,0.27392399311065674,0.19148820638656616,0.23399756848812103,0.3005901873111725,0.057922281324863434,0.027032937854528427,0.054753586649894714
val_NonFight_1W8hsVvyKt4_1_5458b307,0,1.0,0.0,1.0,1.0,1.0,0.6000000000000001,0.27392399311065674,0.19148820638656616,0.23399756848812103,0.3005901873111725,0.45559656620025635,0.5953876972198486,0.43976646661758423
val_NonFight_1W8hsVvyKt4_2_1fc3dcb4,0,1.0,0.0,1.0,1.0,1.0,0.6000000000000001,0.27392399311065674,0.19148820638656616,0.23399756848812103,0.3005901873111725,0.09340965747833252,0.049208469688892365,0.0871850922703743
val_NonFight_1W8hsVvyKt4_3_4db63cd1,0,1.0,1.0,1.0,1.0,1.0,1.0,0.20551133155822754,0.24784833192825317,0.27642637491226196,0.27021393179893494,0.08326561748981476,0.02896321751177311,0.07861224561929703
val_NonFight_2lrARl7utL4_0_aed7af3c,0,0.25,0.0,0.9375,0.21875,0.25,0.14375000000000002,0.2558152675628662,0.1960771083831787,0.2904323935508728,0.2576752007007599,0.1242065578699112,0.041755206882953644,0.11972305923700333
val_NonFight_2lrARl7utL4_1_e958f1e,0,0.25,0.0,0.96875,0.25,0.25,0.15000000000000002,0.2555859684944153,0.1971500813961029,0.29037413001060486,0.25688979029655457,0.8626411557197571,0.9344544410705566,0.8709167838096619
val_NonFight_2lrARl7utL4_2_fb1c9b2f,0,0.1875,0.0625,1.0,0.1875,0.1875,0.1375,0.2585064768791199,0.19508646428585052,0.2960180640220642,0.2503890097141266,0.8219507336616516,0.9276847839355469,0.8294204473495483
val_NonFight_2qFnVnnZ_0_b97ebc5a,0,1.0,0.96875,1.0,1.0,1.0,0.9875,0.2719710171222687,0.19285261631011963,0.23640139400959015,0.29877495765686035,0.038741230964660645,0.011650677770376205,0.03668627142906189
val_NonFight_32wXo9Dt_0_99c9efde,0,1.0,1.0,1.0,1.0,1.0,1.0,0.20551133155822754,0.24784833192825317,0.27642637491226196,0.27021393179893494,0.056367937475442886,0.01895604096353054,0.05323358625173569
val_NonFight_39BFeYnbu-I_0_506edaa1,0,1.0,1.0,1.0,1.0,1.0,1.0,0.20551133155822754,0.24784833192825317,0.27642637491226196,0.27021393179893494,0.9455391764640808,0.9770261645317078,0.9469454288482666
val_NonFight_4I1DGWsh_0_bbcc9164,0,0.59375,0.15625,0.8125,0.53125,0.59375,0.40625000000000006,0.24804812669754028,0.20029455423355103,0.2685404419898987,0.2831168472766876,0.6600860357284546,0.864732563495636,0.6412689685821533
val_NonFight_4p2iGvo8_0_2943d410,0,0.0,0.0,1.0,0.0,0.0,0.0,0.2601640820503235,0.1933332085609436,0.30086421966552734,0.24563848972320557,0.063336081802845,0.02085999958217144,0.06283986568450928
val_NonFight_66U2c3YMjOI_0_a20c16d6,0,0.3125,0.0,0.90625,0.90625,1.0,0.30625,0.24383273720741272,0.22107090055942535,0.27589288353919983,0.2592034637928009,0.05166854336857796,0.023196399211883545,0.049366507679224014
val_NonFight_66U2c3YMjOI_1_92d8de7c,0,0.46875,0.0,0.6875,0.3125,0.46875,0.25,0.2449854016304016,0.19716915488243103,0.27104949951171875,0.286795973777771,0.23002074658870697,0.1090557649731636,0.2086768001317978
val_NonFight_6Rl7q_kXYbg_0_c2a9aad5,0,0.875,0.0,0.84375,0.84375,0.875,0.51875,0.27408531308174133,0.18978078663349152,0.23308420181274414,0.3030496835708618,0.2124665528535843,0.1100304126739502,0.18856896460056305
val_NonFight_6doZoiaG9PM_0_fc95f37a,0,0.21875,0.0,1.0,0.21875,0.21875,0.13125,0.2567906677722931,0.19666805863380432,0.2923611104488373,0.2541801631450653,0.07182212918996811,0.016773084178566933,0.07024192810058594
val_NonFight_6doZoiaG9PM_1_d448c110,0,0.6875,0.0,1.0,0.6875,0.6875,0.41250000000000003,0.2539301812648773,0.20134243369102478,0.26110735535621643,0.28362002968788147,0.05730590969324112,0.014948011375963688,0.05234278365969658
val_NonFight_6doZoiaG9PM_2_8b585613,0,1.0,0.90625,1.0,1.0,1.0,0.9625000000000001,0.2737010717391968,0.1916441172361374,0.2342716008424759,0.30038321018218994,0.10533563047647476,0.04788091033697128,0.09715323895215988
val_NonFight_6doZoiaG9PM_3_f0258048,0,1.0,1.0,1.0,1.0,1.0,1.0,0.20551133155822754,0.24784833192825317,0.27642637491226196,0.27021393179893494,0.07375545799732208,0.017962979152798653,0.06825294345617294
val_NonFight_7emxm3za_0_4ba7b65e,0,0.96875,0.5625,1.0,0.96875,0.96875,0.80625,0.270639568567276,0.1930118054151535,0.2384248822927475,0.2979237139225006,0.18939603865146637,0.08612736314535141,0.17692865431308746
val_NonFight_7gLKFV5voOg_0_74b9e092,0,1.0,0.5,1.0,1.0,1.0,0.8,0.2739180326461792,0.19149236381053925,0.2340048998594284,0.30058467388153076,0.11582187563180923,0.0670880600810051,0.10868195444345474
val_NonFight_8SmT9rE9_0_8ec11895,0,0.03125,0.0,0.21875,0.0,0.03125,0.0125,0.25866594910621643,0.19327312707901,0.2967830002307892,0.25127795338630676,0.16318552196025848,0.1082935482263565,0.1576102375984192
val_NonFight_8m3onRfr_0_fad3794f,0,0.0,0.0,1.0,0.0,0.0,0.0,0.2601640820503235,0.1933332085609436,0.30086421966552734,0.24563848972320557,0.06273623555898666,0.020251832902431488,0.06223335489630699
val_NonFight_8s3rES1a_0_61f7c3e7,0,0.1875,0.0,1.0,0.1875,0.1875,0.11250000000000002,0.2575225234031677,0.19608274102210999,0.2937590777873993,0.2526356279850006,0.1197584792971611,0.037736937403678894,0.11860831081867218
val_NonFight_8tWVjrUW_0_9d31b80,0,0.75,0.625,0.75,0.75,0.75,0.7000000000000001,0.27379921078681946,0.19157549738883972,0.2341509312391281,0.3004743754863739,0.055547699332237244,0.01914430595934391,0.050398971885442734
val_NonFight_9JxNZtUK_0_3dade2bd,0,0.09375,0.0,1.0,0.09375,0.09375,0.05625000000000001,0.2590867877006531,0.19446101784706116,0.29760265350341797,0.24884960055351257,0.04107397422194481,0.014662332832813263,0.039585623890161514
val_NonFight_9kly-mpQczg_0_6a2c523a,0,1.0,0.0,1.0,1.0,1.0,0.6000000000000001,0.27392399311065674,0.19148820638656616,0.23399756848812103,0.3005901873111725,0.047405876219272614,0.015566471964120865,0.044790398329496384
val_NonFight_9kly-mpQczg_1_19cdcac,0,0.875,0.0,1.0,0.96875,0.96875,0.5437500000000001,0.2714794874191284,0.1971411257982254,0.23897935450077057,0.292400062084198,0.061807479709386826,0.02227233164012432,0.05740417540073395
val_NonFight_A7FCl8G35Cs_0_ab2cc5bf,0,0.09375,0.0625,0.96875,0.90625,0.90625,0.24375000000000002,0.23132772743701935,0.2137092500925064,0.29415270686149597,0.2608102858066559,0.1170603558421135,0.057547129690647125,0.11017335206270218
val_NonFight_A7FCl8G35Cs_1_6a78f65e,0,1.0,0.03125,1.0,1.0,1.0,0.6125,0.2739238739013672,0.19148828089237213,0.23399773240089417,0.30059006810188293,0.1100943461060524,0.07618290185928345,0.10037659108638763
val_NonFight_Assault006_x264_0_b067d604,0,0.3125,0.0,0.875,0.3125,0.3125,0.1875,0.252097487449646,0.19850875437259674,0.28530991077423096,0.2640838623046875,0.11994978785514832,0.03650718182325363,0.11249767988920212
val_NonFight_Assault006_x264_1_50c957d6,0,0.125,0.0,1.0,0.125,0.125,0.07500000000000001,0.2586381137371063,0.1949477344751358,0.29635655879974365,0.2500576078891754,0.13133752346038818,0.043140895664691925,0.13274802267551422
val_NonFight_BOnEkkm1_0_727bb3d2,0,0.9375,0.15625,1.0,0.9375,0.9375,0.625,0.27051302790641785,0.19306981563568115,0.23859643936157227,0.29782071709632874,0.05054321512579918,0.01771196722984314,0.0473724864423275
val_NonFight_Bp3wCVsS_0_8020d1c,0,0.0,0.0,1.0,0.0,0.0,0.0,0.2601640820503235,0.1933332085609436,0.30086421966552734,0.24563848972320557,0.06411910057067871,0.020733855664730072,0.06356529146432877
val_NonFight_BySljls4_0_3b8750fb,0,1.0,0.0,1.0,1.0,1.0,0.6000000000000001,0.27392399311065674,0.19148820638656616,0.23399756848812103,0.3005901873111725,0.040746111422777176,0.015859564766287804,0.038766566663980484
val_NonFight_CrBTbDcb_0_65beb3a4,0,0.0,0.0,0.875,0.0,0.0,0.0,0.26016372442245483,0.1933334469795227,0.30086421966552734,0.24563859403133392,0.0657491534948349,0.02159271389245987,0.06504324823617935
val_NonFight_Cw0HuNI5_0_75d1280a,0,1.0,0.125,1.0,1.0,1.0,0.65,0.273923397064209,0.1914886087179184,0.2339983433485031,0.3005896508693695,0.03961273282766342,0.013268660753965378,0.03680923581123352
val_NonFight_DeCoZoey_0_6db92742,0,1.0,1.0,1.0,1.0,1.0,1.0,0.20551133155822754,0.24784833192825317,0.27642637491226196,0.27021393179893494,0.06553446501493454,0.020213453099131584,0.06136409938335419
val_NonFight_E9SvEiNt_0_4b1941c1,0,0.0,0.0,1.0,0.0,0.0,0.0,0.2601640820503235,0.1933332085609436,0.30086421966552734,0.24563848972320557,0.06304002553224564,0.02052159607410431,0.06251431256532669
val_NonFight_EB08Cq4t_0_a7bb6806,0,0.15625,0.0,1.0,0.15625,0.15625,0.09375,0.25811827182769775,0.19548733532428741,0.2950742840766907,0.25132009387016296,0.04788846895098686,0.017147529870271683,0.046713948249816895
val_NonFight_EFv961C5RgY_0_3f44e09c,0,1.0,1.0,1.0,1.0,1.0,1.0,0.20551133155822754,0.24784833192825317,0.27642637491226196,0.27021393179893494,0.9418933987617493,0.9764665961265564,0.9430378079414368
val_NonFight_F6kgeh23_0_478dcbc4,0,1.0,0.59375,0.96875,0.96875,1.0,0.83125,0.2738434076309204,0.1880047470331192,0.231856107711792,0.3062957525253296,0.06166360154747963,0.02544354274868965,0.05772821605205536
val_NonFight_Fds7C6sp_0_4f175dc8,0,1.0,1.0,1.0,1.0,1.0,1.0,0.20551133155822754,0.24784833192825317,0.27642637491226196,0.27021393179893494,0.15799503028392792,0.07372446358203888,0.14923395216464996
val_NonFight_FpDZIe2z_0_30ece4ad,0,1.0,0.0,1.0,1.0,1.0,0.6000000000000001,0.27392399311065674,0.19148820638656616,0.23399756848812103,0.3005901873111725,0.049748796969652176,0.0161750465631485,0.04699612781405449
val_NonFight_Fwhi4UNI_0_80cd8590,0,1.0,0.0625,1.0,1.0,1.0,0.625,0.27392372488975525,0.19148840010166168,0.2339978814125061,0.3005899488925934,0.03624877333641052,0.01442660391330719,0.03446082025766373
val_NonFight_GCgD8AkV_0_c91c6bd4,0,0.0,0.0,0.9375,0.75,0.8125,0.15000000000000002,0.23491723835468292,0.21148039400577545,0.2957036793231964,0.2578986585140228,0.052661411464214325,0.02672288380563259,0.05105980113148689
val_NonFight_GXvqyqYi_0_33aa6b4d,0,0.625,0.03125,1.0,0.625,0.625,0.3875,0.24751706421375275,0.2047567218542099,0.2702217698097229,0.27750441431999207,0.09788721054792404,0.05485917255282402,0.0950588807463646
val_NonFight_GYvqfFzN_0_e0c383bf,0,0.0,0.0,1.0,0.0,0.0,0.0,0.2601640820503235,0.1933332085609436,0.30086421966552734,0.24563848972320557,0.06427405774593353,0.02048611454665661,0.06363330781459808
val_NonFight_I-QiUMPTWNE_0_499caee3,0,0.96875,0.96875,0.96875,0.96875,0.96875,0.96875,0.20551133155822754,0.24784833192825317,0.27642637491226196,0.27021393179893494,0.1624109297990799,0.04420902580022812,0.14622631669044495
val_NonFight_I-QiUMPTWNE_1_44be8f4,0,1.0,1.0,1.0,1.0,1.0,1.0,0.20551133155822754,0.24784833192825317,0.27642637491226196,0.27021393179893494,0.08853203803300858,0.02397027797996998,0.08070848137140274
val_NonFight_I-QiUMPTWNE_2_ac7b12d4,0,1.0,1.0,1.0,1.0,1.0,1.0,0.20551133155822754,0.24784833192825317,0.27642637491226196,0.27021393179893494,0.35961222648620605,0.25678205490112305,0.328453004360199
val_NonFight_I3rTHE3L_0_1dfb916e,0,0.53125,0.0625,1.0,0.53125,0.53125,0.34375,0.24668698012828827,0.2030465453863144,0.27664268016815186,0.2736237943172455,0.1130666434764862,0.03287626430392265,0.10377462208271027
val_NonFight_I9OYGpUd_0_ea8da615,0,0.75,0.25,1.0,0.78125,0.78125,0.55625,0.25451233983039856,0.20333223044872284,0.26103392243385315,0.28112152218818665,0.12872494757175446,0.03829857334494591,0.11458597332239151
val_NonFight_IMA4zYs83Lo_0_438a8f24,0,1.0,0.9375,1.0,1.0,1.0,0.9750000000000001,0.2734226882457733,0.19183874130249023,0.234613835811615,0.3001247048377991,0.19516733288764954,0.08943980932235718,0.18340185284614563
val_NonFight_IvimSdBV_0_84e8fa7f,0,1.0,1.0,1.0,1.0,1.0,1.0,0.20551133155822754,0.24784833192825317,0.27642637491226196,0.27021393179893494,0.07161438465118408,0.02486722730100155,0.06594505906105042
val_NonFight_JECBfnp2ZXc_0_e61729b7,0,1.0,1.0,1.0,1.0,1.0,1.0,0.20551133155822754,0.24784833192825317,0.27642637491226196,0.27021393179893494,0.06646371632814407,0.025622572749853134,0.06326635926961899
val_NonFight_JECBfnp2ZXc_1_54f5c49c,0,1.0,0.78125,1.0,1.0,1.0,0.9125000000000001,0.27388450503349304,0.19151580333709717,0.2340461164712906,0.3005535304546356,0.07398586720228195,0.03463466465473175,0.06911677867174149
val_NonFight_JECBfnp2ZXc_2_cc50ffee,0,1.0,0.65625,1.0,1.0,1.0,0.8625,0.27390918135643005,0.1914985626935959,0.23401577770709991,0.30057644844055176,0.17304222285747528,0.09467826038599014,0.15886521339416504
val_NonFight_JOMXfA1R_0_dca38485,0,0.1875,0.0,1.0,0.1875,0.1875,0.11250000000000002,0.2575225234031677,0.19608274102210999,0.2937590777873993,0.2526356279850006,0.0803823471069336,0.023335713893175125,0.0764271542429924
val_NonFight_K4qpMWJS_0_f019bda0,0,0.0,0.0,1.0,0.0,0.0,0.0,0.2601640820503235,0.1933332085609436,0.30086421966552734,0.24563848972320557,0.06339504569768906,0.02084062620997429,0.06289666891098022
val_NonFight_LKdiIccO_0_856f90e8,0,1.0,0.0,1.0,1.0,1.0,0.6000000000000001,0.27392399311065674,0.19148820638656616,0.23399756848812103,0.3005901873111725,0.041246701031923294,0.013889611698687077,0.0389997698366642
val_NonFight_LoQZojhn_0_5eb351ea,0,0.0,0.0,1.0,0.0,0.0,0.0,0.2601640820503235,0.1933332085609436,0.30086421966552734,0.24563848972320557,0.06401628255844116,0.020694570615887642,0.06386256963014603
val_NonFight_LruY67tu_0_add4f4fa,0,0.71875,0.4375,1.0,0.71875,0.71875,0.6062500000000001,0.24668529629707336,0.20304958522319794,0.2766442894935608,0.2736208736896515,0.10085607320070267,0.03802792355418205,0.09393980354070663
val_NonFight_LtfqEsod_0_c6719744,0,1.0,0.8125,1.0,1.0,1.0,0.925,0.2738695442676544,0.19152626395225525,0.2340644896030426,0.30053967237472534,0.1421341747045517,0.0676516741514206,0.13143491744995117
val_NonFight_MrEU15Ug_0_e3236cc9,0,0.125,0.0,1.0,0.125,0.125,0.07500000000000001,0.2586381137371063,0.1949477344751358,0.29635655879974365,0.2500576078891754,0.05999239534139633,0.02156602032482624,0.05932607129216194
val_NonFight_MxkTo5F-nvU_0_a80f8144,0,0.71875,0.03125,1.0,0.71875,0.71875,0.4437500000000001,0.255860835313797,0.20035181939601898,0.25846487283706665,0.28532248735427856,0.07652277499437332,0.029009345918893814,0.06985951960086823
val_NonFight_N8M1mmW9_0_e4536cc,0,0.0,0.0,0.125,0.0,0.0,0.0,0.26009175181388855,0.193386510014534,0.3008648455142975,0.24565689265727997,0.08946826308965683,0.03306042030453682,0.08869165927171707
val_NonFight_NQpYodM6_0_7f2314fd,0,0.09375,0.03125,1.0,0.09375,0.09375,0.06875,0.2594464421272278,0.19405072927474976,0.2987333834171295,0.24776938557624817,0.06021932512521744,0.024269772693514824,0.060520634055137634
val_NonFight_NW4ndzCa_0_4a03f3df,0,0.8125,0.28125,1.0,0.8125,0.8125,0.6,0.2583003640174866,0.1991073042154312,0.25513505935668945,0.2874572277069092,0.1733645647764206,0.10551580041646957,0.1643475592136383
val_NonFight_NWIc3Yat_0_a6299ed2,0,0.0,0.0,1.0,0.0,0.0,0.0,0.2601640820503235,0.1933332085609436,0.30086421966552734,0.24563848972320557,0.06377854198217392,0.020576035603880882,0.06335512548685074
val_NonFight_NWqRgoGh_0_d01b0f3c,0,0.1875,0.0,0.3125,0.09375,0.1875,0.09375000000000001,0.24401433765888214,0.1951749324798584,0.2741541564464569,0.28665652871131897,0.13166868686676025,0.06386994570493698,0.1253613978624344
val_NonFight_NYvOWjLU_0_16246882,0,1.0,0.78125,1.0,1.0,1.0,0.9125000000000001,0.27388450503349304,0.19151580333709717,0.2340461164712906,0.3005535304546356,0.1297282725572586,0.062117524445056915,0.12115833908319473
val_NonFight_NeyOxUHJ_0_dc2b8d7e,0,1.0,1.0,1.0,1.0,1.0,1.0,0.20551133155822754,0.24784833192825317,0.27642637491226196,0.27021393179893494,0.047482967376708984,0.012344603426754475,0.044416025280952454
val_NonFight_Nlopikk0zhE_0_9f00aa,0,0.875,0.21875,1.0,0.875,0.875,0.6125,0.2655821442604065,0.19545581936836243,0.24525271356105804,0.29370933771133423,0.1734756976366043,0.09250739961862564,0.16207171976566315
val_NonFight_NnUOjff0_0_1278b246,0,1.0,0.65625,1.0,1.0,1.0,0.8625,0.27390918135643005,0.1914985626935959,0.23401577770709991,0.30057644844055176,0.11512679606676102,0.05089680477976799,0.10660349577665329
val_NonFight_NoUdd8wq_0_cd328ea,0,0.4375,0.0,1.0,0.4375,0.4375,0.2625,0.24908636510372162,0.20068064332008362,0.28058210015296936,0.26965081691741943,0.037872135639190674,0.014068620279431343,0.03644704073667526
val_NonFight_O2rd3LTv_0_89f084a3,0,1.0,0.0,1.0,1.0,1.0,0.6000000000000001,0.27392399311065674,0.19148820638656616,0.23399756848812103,0.3005901873111725,0.042242612689733505,0.01598062738776207,0.03968629986047745
val_NonFight_Ob0YCDgS_0_427925af,0,0.4375,0.21875,1.0,0.4375,0.4375,0.35000000000000003,0.2548888623714447,0.19740033149719238,0.28926005959510803,0.2584507465362549,0.051544178277254105,0.018908614292740822,0.050496961921453476
val_NonFight_PL8idmS7_0_ff2f7671,0,1.0,0.875,1.0,1.0,1.0,0.95,0.27379921078681946,0.19157549738883972,0.2341509312391281,0.3004743754863739,0.09580912441015244,0.04201126471161842,0.08895266801118851
val_NonFight_PNgE-OKjhgU_0_98b99a35,0,0.0,0.0,0.96875,0.0,0.0,0.0,0.2601640224456787,0.193333238363266,0.30086421966552734,0.24563851952552795,0.06328040361404419,0.020597267895936966,0.06270147860050201
val_NonFight_PNgE-OKjhgU_1_ea3155ad,0,0.0,0.0,1.0,0.0,0.0,0.0,0.2601640820503235,0.1933332085609436,0.30086421966552734,0.24563848972320557,0.0632101446390152,0.020529594272375107,0.06272920221090317
val_NonFight_PaTrwJbs_0_dd6fe640,0,0.65625,0.375,1.0,0.65625,0.65625,0.5437500000000001,0.24862214922904968,0.20113098621368408,0.279786616563797,0.270460307598114,0.11572197079658508,0.05154117941856384,0.11102421581745148
val_NonFight_QRJFLxqK_0_f532c21c,0,1.0,1.0,1.0,1.0,1.0,1.0,0.20551133155822754,0.24784833192825317,0.27642637491226196,0.27021393179893494,0.047241657972335815,0.014513342641294003,0.04440554231405258
val_NonFight_Qj3oZsaqNGE_0_697789b0,0,1.0,0.875,1.0,1.0,1.0,0.95,0.27379921078681946,0.19157549738883972,0.2341509312391281,0.3004743754863739,0.08613759279251099,0.03176383301615715,0.07855761796236038
val_NonFight_RIXaF_TkLlU_0_5f02bbdb,0,1.0,1.0,1.0,1.0,1.0,1.0,0.20551133155822754,0.24784833192825317,0.27642637491226196,0.27021393179893494,0.08324858546257019,0.024526888504624367,0.07737381011247635
val_NonFight_RIXaF_TkLlU_1_f249449c,0,1.0,1.0,1.0,1.0,1.0,1.0,0.20551133155822754,0.24784833192825317,0.27642637491226196,0.27021393179893494,0.08287807554006577,0.030135560780763626,0.07711299508810043
val_NonFight_RIXaF_TkLlU_2_4b90efa0,0,1.0,1.0,1.0,1.0,1.0,1.0,0.20551133155822754,0.24784833192825317,0.27642637491226196,0.27021393179893494,0.700158953666687,0.8371453881263733,0.6880289912223816
val_NonFight_RQt37bnC_0_7fde4adb,0,0.5625,0.03125,1.0,0.5625,0.5625,0.35000000000000003,0.2466185837984085,0.20409800112247467,0.27370911836624146,0.275574266910553,0.09663674980401993,0.021254483610391617,0.08750132471323013
val_NonFight_Ry5c1PbcIa0_0_e0030201,0,0.8125,0.25,1.0,0.8125,0.8125,0.5875,0.2591657340526581,0.1986677646636963,0.2539564371109009,0.28821003437042236,0.19498872756958008,0.12121329456567764,0.1817210167646408
val_NonFight_S8jXc3sP_0_18cff6fa,0,1.0,1.0,1.0,1.0,1.0,1.0,0.20551133155822754,0.24784833192825317,0.27642637491226196,0.27021393179893494,0.05920638516545296,0.017380859702825546,0.05514132231473923
val_NonFight_SJRnWfHAx_E_0_1f56576a,0,0.0,0.0,1.0,0.0,0.0,0.0,0.2601640820503235,0.1933332085609436,0.30086421966552734,0.24563848972320557,0.06407536566257477,0.020759649574756622,0.06361140310764313
val_NonFight_SJRnWfHAx_E_1_d6a6ccca,0,0.4375,0.0,1.0,0.4375,0.4375,0.2625,0.24908636510372162,0.20068064332008362,0.28058210015296936,0.26965081691741943,0.1707358956336975,0.062375932931900024,0.16285867989063263
val_NonFight_SJRnWfHAx_E_2_4303cd75,0,0.03125,0.0,1.0,0.03125,0.03125,0.018750000000000003,0.2598246932029724,0.19364823400974274,0.2999019920825958,0.24662508070468903,0.046368908137083054,0.01892286166548729,0.04606710374355316
val_NonFight_TP6mtOzL_0_f4d107c7,0,1.0,1.0,1.0,1.0,1.0,1.0,0.20551133155822754,0.24784833192825317,0.27642637491226196,0.27021393179893494,0.14259310066699982,0.04655470326542854,0.13224826753139496
val_NonFight_UoS3KEYq_0_fbd5f1aa,0,0.84375,0.125,1.0,0.84375,0.84375,0.55625,0.2643670439720154,0.19605636596679688,0.24689671397209167,0.2926798462867737,0.10070256143808365,0.04056768864393234,0.09424801915884018
val_NonFight_VF8M3gXp_0_4a0720da,0,1.0,1.0,1.0,1.0,1.0,1.0,0.20551133155822754,0.24784833192825317,0.27642637491226196,0.27021393179893494,0.14178717136383057,0.04426950588822365,0.13159969449043274
val_NonFight_VGKvz9qZ_0_6bad10fb,0,1.0,0.0,1.0,1.0,1.0,0.6000000000000001,0.27392399311065674,0.19148820638656616,0.23399756848812103,0.3005901873111725,0.04691712185740471,0.023764580488204956,0.04456404969096184
val_NonFight_VIPpAkyG_0_560e728a,0,0.03125,0.0,1.0,0.03125,0.03125,0.018750000000000003,0.2598246932029724,0.19364823400974274,0.2999019920825958,0.24662508070468903,0.04370630159974098,0.016532596200704575,0.043345142155885696
val_NonFight_VTOPSZvF_0_ee8896d9,0,0.375,0.0,1.0,0.375,0.375,0.22500000000000003,0.25137758255004883,0.19881805777549744,0.2843979299068451,0.26540642976760864,0.1127525046467781,0.028662730008363724,0.10553037375211716
val_NonFight_VVQBImyG_0_8648d570,0,1.0,1.0,1.0,1.0,1.0,1.0,0.20551133155822754,0.24784833192825317,0.27642637491226196,0.27021393179893494,0.08530530333518982,0.02461104840040207,0.0780380368232727
val_NonFight_VtIQbKvy_0_6f009b61,0,0.03125,0.0,0.96875,0.03125,0.03125,0.018750000000000003,0.25981274247169495,0.19365914165973663,0.2998703420162201,0.24665778875350952,0.04445910453796387,0.017886033281683922,0.04393686354160309
val_NonFight_VzHfmJeI_0_3a5e294a,0,1.0,1.0,1.0,1.0,1.0,1.0,0.20551133155822754,0.24784833192825317,0.27642637491226196,0.27021393179893494,0.04783746227622032,0.014603381976485252,0.045010048896074295
val_NonFight_WPXtCPPS_0_5ee8f142,0,0.03125,0.0,1.0,0.03125,0.03125,0.018750000000000003,0.2598246932029724,0.19364823400974274,0.2999019920825958,0.24662508070468903,0.04844987392425537,0.019245600327849388,0.047858141362667084
val_NonFight_Wq0BuA8GM84_0_dd67c1d,0,0.96875,0.40625,1.0,0.96875,0.96875,0.74375,0.2715723216533661,0.19257190823554993,0.23716799914836884,0.29868778586387634,0.10400893539190292,0.05107941851019859,0.09501860290765762
val_NonFight_Wq0BuA8GM84_1_74c3c75e,0,0.84375,0.59375,0.84375,0.8125,0.84375,0.7375,0.2684611678123474,0.18834181129932404,0.2382355034351349,0.30496156215667725,0.18140098452568054,0.13741782307624817,0.15935415029525757
val_NonFight_Xcd0v-KhKL4_0_b23efa1c,0,0.96875,0.96875,1.0,0.96875,0.96875,0.96875,0.259034126996994,0.1941678375005722,0.30087268352508545,0.24592536687850952,0.77244633436203,0.8753669261932373,0.77228182554245
val_NonFight_YDOJvzChqSg_0_fa3b26b,0,0.9375,0.0,0.96875,0.9375,0.9375,0.5625,0.2725273668766022,0.19212694466114044,0.23588091135025024,0.29946479201316833,0.8927791118621826,0.9490953683853149,0.8941327929496765
val_NonFight_YL1qlr23_0_717e59a6,0,0.40625,0.125,1.0,0.6875,0.6875,0.35000000000000003,0.2453802227973938,0.21238629519939423,0.28142714500427246,0.2608063519001007,0.0781770870089531,0.025918306782841682,0.07107865810394287
val_NonFight_YYCGcBuE_0_d5329ba2,0,0.0,0.0,1.0,0.0,0.0,0.0,0.2601640820503235,0.1933332085609436,0.30086421966552734,0.24563848972320557,0.06451155990362167,0.02098647691309452,0.06423153728246689
val_NonFight_Yf55ftZR_0_2b7a21e3,0,0.0,0.0,1.0,0.0,0.0,0.0,0.2601640820503235,0.1933332085609436,0.30086421966552734,0.24563848972320557,0.06318846344947815,0.02112116478383541,0.06300974637269974
val_NonFight_Yma07mlW_0_dc96f2ba,0,1.0,1.0,1.0,1.0,1.0,1.0,0.20551133155822754,0.24784833192825317,0.27642637491226196,0.27021393179893494,0.04859202727675438,0.016488097608089447,0.04598458111286163
val_NonFight_YukOkfIj_0_a7546ef,0,1.0,0.0,1.0,1.0,1.0,0.6000000000000001,0.27392399311065674,0.19148820638656616,0.23399756848812103,0.3005901873111725,0.045407600700855255,0.015726683661341667,0.04299270361661911
val_NonFight_ZCUy99AN_0_48494479,0,0.71875,0.15625,0.9375,0.71875,0.75,0.49375,0.2567313611507416,0.19990688562393188,0.25727540254592896,0.2860863506793976,0.1538822203874588,0.08278634399175644,0.142099529504776
val_NonFight_ZCa5f4yq_0_30a75299,0,1.0,1.0,1.0,1.0,1.0,1.0,0.20551133155822754,0.24784833192825317,0.27642637491226196,0.27021393179893494,0.09036774188280106,0.027132049202919006,0.08237048238515854
val_NonFight_ZwhC7Kyg_0_b8c7a900,0,0.0,0.0,1.0,0.03125,0.03125,0.00625,0.25982949137687683,0.19388101994991302,0.3004615306854248,0.24582792818546295,0.04204100742936134,0.01705837808549404,0.041295453906059265
val_NonFight_aZxUVVqk_0_6b351070,0,1.0,1.0,1.0,1.0,1.0,1.0,0.20551133155822754,0.24784833192825317,0.27642637491226196,0.27021393179893494,0.07111281156539917,0.02036205120384693,0.06536921113729477
val_NonFight_bW2vHhYbzHM_0_827ca47e,0,0.6875,0.03125,1.0,0.6875,0.6875,0.42500000000000004,0.2530267536640167,0.20180743932724,0.2623462378978729,0.28281956911087036,0.08723194897174835,0.027142910286784172,0.07755133509635925
val_NonFight_bW2vHhYbzHM_1_d743d737,0,0.875,0.5625,1.0,0.875,0.875,0.7500000000000001,0.25624340772628784,0.2001579850912094,0.25794094800949097,0.2856576442718506,0.07207655906677246,0.02776753157377243,0.06803769618272781
val_NonFight_cpFWuHXF_0_5ccc4cf0,0,0.96875,0.0625,1.0,0.96875,0.96875,0.6062500000000001,0.2724783718585968,0.19214963912963867,0.23594693839550018,0.29942506551742554,0.07809612900018692,0.028032278642058372,0.07126080244779587
val_NonFight_cw8fPfUL_0_202cf40d,0,1.0,1.0,1.0,1.0,1.0,1.0,0.20551133155822754,0.24784833192825317,0.27642637491226196,0.27021393179893494,0.06980187445878983,0.026025591418147087,0.06542994827032089
val_NonFight_e8jli13nLaM_0_e2486e6e,0,0.03125,0.0,1.0,0.03125,0.03125,0.018750000000000003,0.2598246932029724,0.19364823400974274,0.2999019920825958,0.24662508070468903,0.04463799297809601,0.016659321263432503,0.044233862310647964
val_NonFight_eb4Oant1_0_3a4c35ae,0,1.0,0.0,0.71875,0.71875,1.0,0.5437500000000001,0.2627212703227997,0.184181347489357,0.2198769897222519,0.33322039246559143,0.03917095065116882,0.015260998159646988,0.03689015656709671
val_NonFight_egQvmVL2_0_d0fe820f,0,0.0,0.0,1.0,0.0,0.0,0.0,0.2601640820503235,0.1933332085609436,0.30086421966552734,0.24563848972320557,0.06362814456224442,0.0203462652862072,0.06286182254552841
val_NonFight_etyiEs3j8x8_0_5a64e094,0,1.0,0.0,0.9375,0.9375,1.0,0.5875,0.27414390444755554,0.18849590420722961,0.23244191706180573,0.3049182593822479,0.047008611261844635,0.019882526248693466,0.04428396373987198
val_NonFight_etyiEs3j8x8_1_29521cfd,0,1.0,1.0,1.0,1.0,1.0,1.0,0.20551133155822754,0.24784833192825317,0.27642637491226196,0.27021393179893494,0.10371819138526917,0.041180320084095,0.09665051847696304
val_NonFight_etyiEs3j8x8_2_313c9f6a,0,1.0,0.9375,1.0,1.0,1.0,0.9750000000000001,0.2734226882457733,0.19183874130249023,0.234613835811615,0.3001247048377991,0.19220693409442902,0.10668609291315079,0.1799386590719223
val_NonFight_fGyFpyjd_0_d25d446a,0,1.0,0.0,1.0,1.0,1.0,0.6000000000000001,0.27392399311065674,0.19148820638656616,0.23399756848812103,0.3005901873111725,0.040456149727106094,0.014172965660691261,0.03852871060371399
val_NonFight_fO2vb61DcUk_0_12121cbe,0,1.0,1.0,1.0,1.0,1.0,1.0,0.20551133155822754,0.24784833192825317,0.27642637491226196,0.27021393179893494,0.15687790513038635,0.05167398601770401,0.1453566998243332
val_NonFight_fO2vb61DcUk_1_468b831a,0,1.0,1.0,1.0,1.0,1.0,1.0,0.20551133155822754,0.24784833192825317,0.27642637491226196,0.27021393179893494,0.13176390528678894,0.03516938537359238,0.11964243650436401
val_NonFight_g7fqR4gn_0_22388e09,0,0.84375,0.25,1.0,0.9375,0.9375,0.625,0.26793214678764343,0.2006363719701767,0.24427662789821625,0.2871549129486084,0.05155344307422638,0.019538404420018196,0.04665771499276161
val_NonFight_g8SVNUCm_0_4aace4db,0,0.0,0.0,1.0,0.0,0.0,0.0,0.2601640820503235,0.1933332085609436,0.30086421966552734,0.24563848972320557,0.06347222626209259,0.020296359434723854,0.06302057951688766
val_NonFight_gJV3TuKF_0_cf7ecda3,0,0.0,0.0,1.0,0.0,0.0,0.0,0.2601640820503235,0.1933332085609436,0.30086421966552734,0.24563848972320557,0.06361886858940125,0.020744891837239265,0.06330276280641556
val_NonFight_iE9hzgQD_0_702c2a4,0,0.0,0.0,1.0,0.0,0.0,0.0,0.2601640820503235,0.1933332085609436,0.30086421966552734,0.24563848972320557,0.06349454075098038,0.020853260532021523,0.06303238123655319
val_NonFight_iJ5Q1tar_0_7388a46,0,0.0,0.0,1.0,0.0,0.0,0.0,0.2601640820503235,0.1933332085609436,0.30086421966552734,0.24563848972320557,0.06303973495960236,0.020404379814863205,0.062390852719545364
val_NonFight_jpYrguiW_0_d88e96c7,0,0.96875,0.0,1.0,0.96875,0.96875,0.58125,0.2725731134414673,0.19210578501224518,0.23581922054290771,0.29950186610221863,0.044061921536922455,0.014360351487994194,0.04162173345685005
val_NonFight_kApoSGPK_0_58e9781f,0,1.0,1.0,1.0,1.0,1.0,1.0,0.20551133155822754,0.24784833192825317,0.27642637491226196,0.27021393179893494,0.06885674595832825,0.021666761487722397,0.06447233259677887
val_NonFight_kMgCk8Ku_0_18540806,0,1.0,1.0,1.0,1.0,1.0,1.0,0.20551133155822754,0.24784833192825317,0.27642637491226196,0.27021393179893494,0.14913548529148102,0.06058734655380249,0.1396525353193283
val_NonFight_l82NDOvk_0_8d5ade50,0,1.0,0.0,1.0,1.0,1.0,0.6000000000000001,0.27392399311065674,0.19148820638656616,0.23399756848812103,0.3005901873111725,0.057499129325151443,0.0214603953063488,0.05359046533703804
val_NonFight_mwuiYEBdkJs_0_7a95da13,0,0.875,0.0625,1.0,0.90625,0.90625,0.5562500000000001,0.2686888873577118,0.19558429718017578,0.24167707562446594,0.29404979944229126,0.34041863679885864,0.7811524868011475,0.3106468617916107
val_NonFight_mwuiYEBdkJs_1_c5741cab,0,1.0,0.6875,1.0,1.0,1.0,0.875,0.2739056646823883,0.19150102138519287,0.23402012884616852,0.3005731701850891,0.871417224407196,0.9193622469902039,0.8714825510978699
val_NonFight_myaBOqJ3_0_89af770d,0,0.75,0.0,1.0,0.75,0.75,0.45000000000000007,0.2591674029827118,0.1986665576696396,0.25395435094833374,0.2882116734981537,0.04084224998950958,0.012806967832148075,0.03814689815044403
val_NonFight_nTsOksk7_0_2e3ceb27,0,0.03125,0.0,1.0,0.03125,0.03125,0.018750000000000003,0.2598246932029724,0.19364823400974274,0.2999019920825958,0.24662508070468903,0.03866010904312134,0.01533342245966196,0.037917666137218475
val_NonFight_nVdn1krnTCQ_0_f8625c41,0,1.0,0.90625,1.0,1.0,1.0,0.9625000000000001,0.2737010717391968,0.1916441172361374,0.2342716008424759,0.30038321018218994,0.18204282224178314,0.08031666278839111,0.16892363131046295
val_NonFight_nVdn1krnTCQ_1_e0bf5b0b,0,0.90625,0.59375,1.0,0.90625,0.90625,0.7812500000000001,0.2606392800807953,0.1979244202375412,0.2519511878490448,0.2894850969314575,0.09830731153488159,0.04059890657663345,0.09056185185909271
val_NonFight_nVdn1krnTCQ_2_ebaa8a07,0,1.0,0.5,1.0,1.0,1.0,0.8,0.2739180326461792,0.19149236381053925,0.2340048998594284,0.30058467388153076,0.09493839740753174,0.046775203198194504,0.08695924282073975
val_NonFight_ngv36FBY_0_379cd320,0,1.0,1.0,1.0,1.0,1.0,1.0,0.20551133155822754,0.24784833192825317,0.27642637491226196,0.27021393179893494,0.908909261226654,0.9576084613800049,0.9101524949073792
val_NonFight_nuf-d5GugL0_0_362b9fcc,0,1.0,1.0,1.0,1.0,1.0,1.0,0.20551133155822754,0.24784833192825317,0.27642637491226196,0.27021393179893494,0.10175662487745285,0.030769916251301765,0.09404803812503815
val_NonFight_nuf-d5GugL0_1_e0197b59,0,1.0,1.0,1.0,1.0,1.0,1.0,0.20551133155822754,0.24784833192825317,0.27642637491226196,0.27021393179893494,0.9052000045776367,0.9453756213188171,0.9030459523200989
val_NonFight_nuf-d5GugL0_2_18700406,0,1.0,1.0,1.0,1.0,1.0,1.0,0.20551133155822754,0.24784833192825317,0.27642637491226196,0.27021393179893494,0.9384430050849915,0.973391592502594,0.9398674368858337
val_NonFight_oXeSTCLT_0_a977fb77,0,0.875,0.03125,1.0,0.875,0.875,0.5375000000000001,0.26748940348625183,0.19452178478240967,0.2426758110523224,0.2953130006790161,0.04558224976062775,0.01708543859422207,0.04218793287873268
val_NonFight_ojZVUz7i_0_ff96a255,0,0.0,0.0,0.53125,0.0,0.0,0.0,0.2601611316204071,0.19333533942699432,0.30086424946784973,0.24563923478126526,0.07653192430734634,0.027941808104515076,0.07532189786434174
val_NonFight_q4jlVJRb_0_a5f0063,0,1.0,0.6875,1.0,1.0,1.0,0.875,0.2739056646823883,0.19150102138519287,0.23402012884616852,0.3005731701850891,0.07372509688138962,0.03763147443532944,0.06871635466814041
val_NonFight_qFfqTQm0_0_b58e856f,0,0.0,0.0,1.0,0.0,0.0,0.0,0.2601640820503235,0.1933332085609436,0.30086421966552734,0.24563848972320557,0.06242932751774788,0.02070341818034649,0.06213369220495224
val_NonFight_qaAclucigpY_0_1b3006c,0,0.0,0.0,0.875,0.0,0.0,0.0,0.26016372442245483,0.1933334469795227,0.30086421966552734,0.24563859403133392,0.0658167377114296,0.021281877532601357,0.06461580842733383
val_NonFight_qaAclucigpY_1_e133d8d9,0,1.0,0.78125,1.0,1.0,1.0,0.9125000000000001,0.27388450503349304,0.19151580333709717,0.2340461164712906,0.3005535304546356,0.07913413643836975,0.026983249932527542,0.07304954528808594
val_NonFight_qaAclucigpY_2_75407549,0,0.03125,0.0,1.0,0.03125,0.03125,0.018750000000000003,0.2598246932029724,0.19364823400974274,0.2999019920825958,0.24662508070468903,0.0556689016520977,0.02132027968764305,0.055967263877391815
val_NonFight_qyRJeYN5_0_3082f9a7,0,1.0,1.0,1.0,1.0,1.0,1.0,0.20551133155822754,0.24784833192825317,0.27642637491226196,0.27021393179893494,0.05736897885799408,0.01790100708603859,0.053698573261499405
val_NonFight_r0mVR4J6_0_c7f5651,0,0.0,0.0,0.15625,0.0,0.0,0.0,0.26011818647384644,0.19336703419685364,0.30086463689804077,0.24565018713474274,0.08962567150592804,0.032961271703243256,0.08894650638103485
val_NonFight_rJbh1niy_0_b521a439,0,0.0,0.0,0.125,0.0,0.0,0.0,0.26009175181388855,0.193386510014534,0.3008648455142975,0.24565689265727997,0.09034870564937592,0.03354601562023163,0.08982758969068527
val_NonFight_rtSWit6k_0_a829262,0,1.0,1.0,1.0,1.0,1.0,1.0,0.20551133155822754,0.24784833192825317,0.27642637491226196,0.27021393179893494,0.048925794661045074,0.013880673795938492,0.04642685130238533
val_NonFight_rwg8hp5X_0_d750eab4,0,1.0,1.0,1.0,1.0,1.0,1.0,0.20551133155822754,0.24784833192825317,0.27642637491226196,0.27021393179893494,0.0727560892701149,0.02258293703198433,0.06800012290477753
val_NonFight_scznszmE_0_d9d326e4,0,0.4375,0.0,1.0,0.4375,0.4375,0.2625,0.24908636510372162,0.20068064332008362,0.28058210015296936,0.26965081691741943,0.04996257275342941,0.01395387388765812,0.045560989528894424
val_NonFight_tSk5CEXB_0_eb6c34c1,0,0.21875,0.0,0.9375,0.46875,0.46875,0.18125000000000002,0.24987420439720154,0.20557381212711334,0.28695499897003174,0.2575969696044922,0.0717541053891182,0.033905018121004105,0.06645025312900543
val_NonFight_tf_X7GtOGyE_0_2d7987d2,0,1.0,1.0,1.0,1.0,1.0,1.0,0.20551133155822754,0.24784833192825317,0.27642637491226196,0.27021393179893494,0.09481119364500046,0.024167673662304878,0.08610698580741882
val_NonFight_tf_X7GtOGyE_1_b9a08af4,0,1.0,1.0,1.0,1.0,1.0,1.0,0.20551133155822754,0.24784833192825317,0.27642637491226196,0.27021393179893494,0.1241612583398819,0.040343351662158966,0.11437109112739563
val_NonFight_tf_X7GtOGyE_2_742ce48a,0,1.0,1.0,1.0,1.0,1.0,1.0,0.20551133155822754,0.24784833192825317,0.27642637491226196,0.27021393179893494,0.11403687298297882,0.0359329879283905,0.10604600608348846
val_NonFight_tivF4CAg_0_6c7fea07,0,0.0,0.0,1.0,0.0,0.0,0.0,0.2601640820503235,0.1933332085609436,0.30086421966552734,0.24563848972320557,0.06370226293802261,0.020577633753418922,0.0633404552936554
val_NonFight_twBrsDhF_0_f871c3c,0,0.0,0.0,1.0,0.0,0.0,0.0,0.2601640820503235,0.1933332085609436,0.30086421966552734,0.24563848972320557,0.06258086115121841,0.02037809044122696,0.061914220452308655
val_NonFight_u-VcErKk6Qs_0_dd46386b,0,1.0,1.0,1.0,1.0,1.0,1.0,0.20551133155822754,0.24784833192825317,0.27642637491226196,0.27021393179893494,0.0823703408241272,0.021418053656816483,0.07482083886861801
val_NonFight_uZLLdl2P_0_1264d5d5,0,0.0,0.0,1.0,0.0,0.0,0.0,0.2601640820503235,0.1933332085609436,0.30086421966552734,0.24563848972320557,0.06376904994249344,0.020239509642124176,0.06299956887960434
val_NonFight_utRmPckr_0_671f4252,0,1.0,0.0,1.0,1.0,1.0,0.6000000000000001,0.27392399311065674,0.19148820638656616,0.23399756848812103,0.3005901873111725,0.04403095319867134,0.016980024054646492,0.04140997678041458
val_NonFight_v1Sb6NhU_0_982e0d1,0,1.0,1.0,1.0,1.0,1.0,1.0,0.20551133155822754,0.24784833192825317,0.27642637491226196,0.27021393179893494,0.05120871588587761,0.015428194776177406,0.04837729036808014
val_NonFight_v4dhdnsxiX4_0_90012acc,0,1.0,0.0,1.0,1.0,1.0,0.6000000000000001,0.27392399311065674,0.19148820638656616,0.23399756848812103,0.3005901873111725,0.057334449142217636,0.02504647709429264,0.05374855920672417
val_NonFight_v4dhdnsxiX4_1_8ad35b9f,0,1.0,1.0,1.0,1.0,1.0,1.0,0.20551133155822754,0.24784833192825317,0.27642637491226196,0.27021393179893494,0.1910044401884079,0.08445921540260315,0.1817406862974167
val_NonFight_v4dhdnsxiX4_2_91f2c2cb,0,1.0,1.0,1.0,1.0,1.0,1.0,0.20551133155822754,0.24784833192825317,0.27642637491226196,0.27021393179893494,0.11646439135074615,0.03864789754152298,0.10848887264728546
val_NonFight_vAV3vIGr_0_5a104d71,0,0.0,0.0,1.0,0.0,0.0,0.0,0.2601640820503235,0.1933332085609436,0.30086421966552734,0.24563848972320557,0.0631355419754982,0.020630881190299988,0.0628712922334671
val_NonFight_vDeu44Su_0_9f566729,0,0.0,0.0,0.25,0.0,0.0,0.0,0.260146826505661,0.19334590435028076,0.3008643686771393,0.24564287066459656,0.08616803586483002,0.031545594334602356,0.08509678393602371
val_NonFight_vKUjLaXO_0_588f933d,0,0.0,0.0,1.0,0.0,0.0,0.0,0.2601640820503235,0.1933332085609436,0.30086421966552734,0.24563848972320557,0.06327902525663376,0.020951438695192337,0.0626162588596344
val_NonFight_vXGRa5D6_0_3bcc39b8,0,0.0,0.0,1.0,0.0,0.0,0.0,0.2601640820503235,0.1933332085609436,0.30086421966552734,0.24563848972320557,0.06282152235507965,0.02028907835483551,0.06220463663339615
val_NonFight_w6VytllR_0_f7c24646,0,1.0,1.0,1.0,1.0,1.0,1.0,0.20551133155822754,0.24784833192825317,0.27642637491226196,0.27021393179893494,0.09488552063703537,0.03678454831242561,0.09030559659004211
val_NonFight_wMcODEtzJIA_0_11d5e595,0,0.96875,0.65625,1.0,0.96875,0.96875,0.84375,0.26961883902549744,0.19349853694438934,0.2398005723953247,0.2970820665359497,0.8809243440628052,0.9490777850151062,0.8825424313545227
val_NonFight_wMcODEtzJIA_1_e428dfa0,0,0.90625,0.1875,1.0,0.90625,0.90625,0.6187500000000001,0.26828134059906006,0.19413800537586212,0.24160663783550262,0.2959740161895752,0.12922269105911255,0.06501035392284393,0.12048672884702682
val_NonFight_wyLoweAn_9Q_0_1d3c9604,0,0.09375,0.0,0.96875,0.09375,0.09375,0.05625000000000001,0.2590462267398834,0.1945059448480606,0.2974837124347687,0.2489641159772873,0.06659156084060669,0.027034755796194077,0.0673162192106247
val_NonFight_wyLoweAn_9Q_1_434c4e7,0,1.0,0.71875,1.0,1.0,1.0,0.8875,0.2739008963108063,0.1915043592453003,0.2340259850025177,0.30056875944137573,0.1306518018245697,0.06431508809328079,0.1201234832406044
val_NonFight_xRbCHA5YTi8_0_715d69b2,0,1.0,0.6875,1.0,1.0,1.0,0.875,0.2739056646823883,0.19150102138519287,0.23402012884616852,0.3005731701850891,0.1702946126461029,0.11733413487672806,0.16032806038856506
val_NonFight_xV69l7Vj_0_391f64d6,0,1.0,0.5625,1.0,1.0,1.0,0.825,0.2739156484603882,0.19149406254291534,0.23400789499282837,0.3005824387073517,0.05696326866745949,0.023565219715237617,0.05250057205557823
val_NonFight_y2pGPMqikJg_0_2c0f763e,0,0.9375,0.28125,1.0,0.9375,0.9375,0.675,0.2698426842689514,0.19338855147361755,0.2395002394914627,0.29726850986480713,0.0819297581911087,0.02328403852880001,0.07435432821512222
val_NonFight_y2pGPMqikJg_1_b6f6a771,0,1.0,0.0,1.0,1.0,1.0,0.6000000000000001,0.2739240229129791,0.19148820638656616,0.23399758338928223,0.3005901873111725,0.04372664913535118,0.01728401891887188,0.04141173139214516
val_NonFight_yFaADLZw_0_a3ae39b,0,0.03125,0.0,1.0,0.0625,0.0625,0.025,0.25945907831192017,0.19422590732574463,0.29948174953460693,0.24683332443237305,0.04804331064224243,0.019873742014169693,0.046641428023576736
val_NonFight_yN11pFfP_0_9647c92a,0,1.0,1.0,1.0,1.0,1.0,1.0,0.20551133155822754,0.24784833192825317,0.27642637491226196,0.27021393179893494,0.04657488688826561,0.016204915940761566,0.04460033029317856
val_NonFight_zGBzk5SeJOw_0_e768cd19,0,1.0,0.75,1.0,1.0,1.0,0.9000000000000001,0.27389422059059143,0.19150900840759277,0.23403416574001312,0.3005625307559967,0.15963062644004822,0.06527823954820633,0.14882118999958038
val_NonFight_zGBzk5SeJOw_1_35f28114,0,0.90625,0.3125,1.0,0.90625,0.90625,0.6687500000000001,0.2670494019985199,0.19473662972450256,0.24326974153518677,0.29494422674179077,0.2664913535118103,0.17072798311710358,0.2531219720840454
val_NonFight_zMbmPG71_0_340af6df,0,0.0,0.0,1.0,0.0,0.0,0.0,0.2601640820503235,0.1933331936597824,0.30086424946784973,0.24563850462436676,0.06383330374956131,0.02058868110179901,0.06284940987825394
val_NonFight_zOqs7Oh9oDM_0_d21ea8ad,0,0.90625,0.25,0.96875,0.875,0.90625,0.6375000000000001,0.26793792843818665,0.19219665229320526,0.2412332147359848,0.2986321747303009,0.05212971195578575,0.021533016115427017,0.047657087445259094
val_NonFight_zWevuNTR_0_f4a2413,0,0.25,0.03125,1.0,0.5625,0.5625,0.225,0.2486034482717514,0.207764133810997,0.28602299094200134,0.25760942697525024,0.09559784084558487,0.04075043275952339,0.09046715497970581
val_NonFight_zsvJyWXp_0_92deb37e,0,1.0,0.4375,1.0,1.0,1.0,0.7750000000000001,0.2739197313785553,0.19149120151996613,0.23400285840034485,0.3005862236022949,0.03904595971107483,0.011714762076735497,0.036136772483587265
