clip_id,source,true_label,q_skel,q_int,q_obj,q_po,q_valid,gqs_composite,w_skel,w_int,w_obj,w_vit,prob__A_skeleton_only,prob__B_skel_interaction,prob__D_skel_int_obj,prob__E_full_lw,prob__E_full_qgf,prob__E_full_qgf_fixed
fights_fi103_xvid,?,1,1.0,0.8125,1.0,1.0,1.0,0.925,0.2855217754840851,0.206551656126976,0.24132902920246124,0.2665975093841553,0.9626824855804443,0.9106172323226929,0.910865068435669,0.9050329327583313,0.861545741558075,0.9187523722648621
fights_fi111_xvid,?,1,0.8125,0.6875,1.0,0.96875,0.96875,0.7937500000000001,0.25933244824409485,0.235785573720932,0.2755994200706482,0.22928255796432495,0.9619506597518921,0.9069347977638245,0.8105444312095642,0.903109073638916,0.8514338135719299,0.9060401320457458
fights_fi112_xvid,?,1,1.0,0.75,1.0,1.0,1.0,0.9000000000000001,0.2855517566204071,0.20653754472732544,0.24130062758922577,0.2666100561618805,0.9550894498825073,0.8936609625816345,0.9053823351860046,0.9058558344841003,0.8581174612045288,0.911446213722229
fights_fi114_xvid,?,1,1.0,0.90625,1.0,1.0,1.0,0.9625000000000001,0.2853170335292816,0.2066480964422226,0.24152298271656036,0.2665118873119354,0.9701603651046753,0.8942453265190125,0.9069200754165649,0.9060535430908203,0.8663756847381592,0.9175203442573547
fights_fi115_xvid,?,1,1.0,0.96875,1.0,1.0,1.0,0.9875,0.283218652009964,0.2076358199119568,0.24351660907268524,0.2656289339065552,0.9667230844497681,0.8988087177276611,0.9010801911354065,0.9159982800483704,0.8774352073669434,0.9229299426078796
fights_fi120_xvid,?,1,1.0,1.0,1.0,1.0,1.0,1.0,0.20855610072612762,0.2600178122520447,0.2762420177459717,0.25518402457237244,0.9658896923065186,0.8965227007865906,0.8897369503974915,0.9166395664215088,0.8868821859359741,0.9256243109703064
fights_fi121_xvid,?,1,1.0,0.90625,1.0,1.0,1.0,0.9625000000000001,0.2853170335292816,0.2066480964422226,0.24152298271656036,0.2665118873119354,0.9679471850395203,0.9066145420074463,0.8945695757865906,0.9155062437057495,0.8784875273704529,0.9247233867645264
fights_fi132_xvid,?,1,0.96875,0.5625,1.0,0.96875,0.96875,0.80625,0.2823469042778015,0.20803241431713104,0.24570614099502563,0.2639145255088806,0.9184976816177368,0.803976833820343,0.7994529604911804,0.8341432213783264,0.7781814336776733,0.8461667895317078
fights_fi133_xvid,?,1,1.0,1.0,1.0,1.0,1.0,1.0,0.20855610072612762,0.2600178122520447,0.2762420177459717,0.25518402457237244,0.9104987382888794,0.8620119690895081,0.8707348108291626,0.8987695574760437,0.8652024865150452,0.9162935614585876
fights_fi137_xvid,?,1,1.0,0.96875,1.0,1.0,1.0,0.9875,0.283218652009964,0.2076358199119568,0.24351660907268524,0.2656289339065552,0.9596937298774719,0.853135347366333,0.8741855025291443,0.8703505992889404,0.8185272216796875,0.8888169527053833
fights_fi140_xvid,?,1,1.0,0.65625,1.0,1.0,1.0,0.8625,0.2855699360370636,0.20652897655963898,0.24128344655036926,0.26661765575408936,0.9584475755691528,0.8947843909263611,0.902316689491272,0.9067499041557312,0.8638800382614136,0.9127321243286133
fights_fi143_xvid,?,1,0.9375,0.375,0.9375,0.9375,1.0,0.7125,0.2855827212333679,0.20652295649051666,0.24127133190631866,0.26662299036979675,0.9417554140090942,0.9056968688964844,0.8969525694847107,0.8983281254768372,0.8548279404640198,0.9070793390274048
fights_fi145_xvid,?,1,1.0,0.53125,1.0,1.0,1.0,0.8125,0.2855793535709381,0.2065245509147644,0.24127449095249176,0.26662158966064453,0.9177706241607666,0.8891285061836243,0.8987074494361877,0.904923677444458,0.8575482964515686,0.910365641117096
fights_fi147_xvid,?,1,1.0,1.0,1.0,1.0,1.0,1.0,0.20855610072612762,0.2600178122520447,0.2762420177459717,0.25518402457237244,0.9634837508201599,0.8692150712013245,0.8275987505912781,0.908881664276123,0.8716684579849243,0.9136244058609009
fights_fi148_xvid,?,1,1.0,0.96875,1.0,1.0,1.0,0.9875,0.283218652009964,0.2076358199119568,0.24351660907268524,0.2656289339065552,0.9687040448188782,0.9155991077423096,0.9137205481529236,0.9080302715301514,0.8582167625427246,0.917769193649292
fights_fi152_xvid,?,1,0.75,0.375,1.0,0.78125,0.78125,0.6062500000000001,0.2601932883262634,0.2205873429775238,0.2747918665409088,0.24442742764949799,0.9679209589958191,0.3260819613933563,0.3082544207572937,0.7834447026252747,0.7068025469779968,0.7392793297767639
fights_fi158_xvid,?,1,1.0,0.90625,1.0,1.0,1.0,0.9625000000000001,0.2853170335292816,0.2066480964422226,0.24152298271656036,0.2665118873119354,0.9650996923446655,0.8840318918228149,0.9105238318443298,0.8919082283973694,0.8541231155395508,0.9139026403427124
fights_fi165_xvid,?,1,1.0,0.78125,1.0,1.0,1.0,0.9125000000000001,0.2855399549007416,0.20654310286045074,0.24131181836128235,0.2666051387786865,0.9609196782112122,0.8279691338539124,0.7929204702377319,0.8835158944129944,0.764155387878418,0.8509540557861328
fights_fi172_xvid,?,1,1.0,1.0,1.0,1.0,1.0,1.0,0.20855610072612762,0.2600178122520447,0.2762420177459717,0.25518402457237244,0.8926731944084167,0.8328413367271423,0.8706283569335938,0.8454626202583313,0.8159918189048767,0.8843997120857239
fights_fi174_xvid,?,1,1.0,0.75,1.0,1.0,1.0,0.9000000000000001,0.2855517566204071,0.20653754472732544,0.24130062758922577,0.2666100561618805,0.9562665224075317,0.7377333641052246,0.829047679901123,0.8778568506240845,0.8278030157089233,0.8866099119186401
fights_fi176_xvid,?,1,1.0,1.0,1.0,1.0,1.0,1.0,0.20855610072612762,0.2600178122520447,0.2762420177459717,0.25518402457237244,0.9661102890968323,0.8871899247169495,0.8673388957977295,0.9152542352676392,0.8831772208213806,0.9186217188835144
fights_fi18_xvid,?,1,1.0,1.0,1.0,1.0,1.0,1.0,0.20855610072612762,0.2600178122520447,0.2762420177459717,0.25518402457237244,0.9452955722808838,0.8393598794937134,0.8851954936981201,0.8758993148803711,0.8471829295158386,0.9082583785057068
fights_fi192_xvid,?,1,1.0,1.0,1.0,1.0,1.0,1.0,0.20855610072612762,0.2600178122520447,0.2762420177459717,0.25518402457237244,0.9663050174713135,0.9096078276634216,0.9205350875854492,0.9165594577789307,0.8843199014663696,0.9267572164535522
fights_fi198_xvid,?,1,1.0,1.0,1.0,1.0,1.0,1.0,0.20855610072612762,0.2600178122520447,0.2762420177459717,0.25518402457237244,0.9572755098342896,0.8908920884132385,0.9024065732955933,0.9114434123039246,0.8809036016464233,0.9228000044822693
fights_fi1_xvid,?,1,1.0,0.625,1.0,1.0,1.0,0.8500000000000001,0.28557318449020386,0.206527441740036,0.24128033220767975,0.2666190266609192,0.9550703167915344,0.907822847366333,0.9058683514595032,0.9115353226661682,0.8686035871505737,0.922718346118927
fights_fi200_xvid,?,1,1.0,1.0,1.0,1.0,1.0,1.0,0.20855610072612762,0.2600178122520447,0.2762420177459717,0.25518402457237244,0.8904255032539368,0.7620970606803894,0.8252025246620178,0.8609224557876587,0.8395404815673828,0.897110641002655
fights_fi201_xvid,?,1,1.0,0.9375,1.0,1.0,1.0,0.9750000000000001,0.284978985786438,0.20680730044841766,0.24184340238571167,0.2663702666759491,0.9637057185173035,0.8890880346298218,0.9027758836746216,0.8992083072662354,0.8465427756309509,0.9079211950302124
fights_fi203_xvid,?,1,1.0,0.875,1.0,1.0,1.0,0.95,0.2854362726211548,0.2065919190645218,0.24140998721122742,0.2665617763996124,0.9607504606246948,0.9035794734954834,0.9134674072265625,0.9081942439079285,0.8621805310249329,0.918678343296051
fights_fi205_xvid,?,1,1.0,0.65625,1.0,1.0,1.0,0.8625,0.2855699360370636,0.20652897655963898,0.24128344655036926,0.26661765575408936,0.930185079574585,0.900899350643158,0.9086428284645081,0.9124630689620972,0.8808504343032837,0.9216955900192261
fights_fi208_xvid,?,1,1.0,0.8125,1.0,1.0,1.0,0.925,0.2855217754840851,0.206551656126976,0.24132902920246124,0.2665975093841553,0.9341921210289001,0.8997725248336792,0.8979272842407227,0.8985094428062439,0.8526157140731812,0.9065676331520081
fights_fi213_xvid,?,1,1.0,0.96875,1.0,1.0,1.0,0.9875,0.283218652009964,0.2076358199119568,0.24351660907268524,0.2656289339065552,0.948663055896759,0.890470027923584,0.9070646166801453,0.9156633615493774,0.8739431500434875,0.9205842018127441
fights_fi222_xvid,?,1,1.0,1.0,1.0,1.0,1.0,1.0,0.20855610072612762,0.2600178122520447,0.2762420177459717,0.25518402457237244,0.8471169471740723,0.5260794758796692,0.2628018856048584,0.3423841595649719,0.21970334649085999,0.20170958340168
fights_fi223_xvid,?,1,1.0,0.6875,1.0,1.0,1.0,0.875,0.2855656147003174,0.20653098821640015,0.2412874698638916,0.2666158378124237,0.945092499256134,0.7624550461769104,0.8688977360725403,0.8784403204917908,0.8024270534515381,0.8620201945304871
fights_fi227_xvid,?,1,1.0,1.0,1.0,1.0,1.0,1.0,0.20855610072612762,0.2600178122520447,0.2762420177459717,0.25518402457237244,0.9464970231056213,0.7595273852348328,0.5077236294746399,0.8425650596618652,0.7428444623947144,0.8428074717521667
fights_fi229_xvid,?,1,1.0,1.0,1.0,1.0,1.0,1.0,0.20855610072612762,0.2600178122520447,0.2762420177459717,0.25518402457237244,0.9413897395133972,0.8436301946640015,0.7692540287971497,0.887075662612915,0.7881885766983032,0.8776341676712036
fights_fi234_xvid,?,1,1.0,0.8125,1.0,1.0,1.0,0.925,0.2855217754840851,0.206551656126976,0.24132902920246124,0.2665975093841553,0.9585455656051636,0.8962403535842896,0.907996654510498,0.8963699340820312,0.8554327487945557,0.9134804606437683
fights_fi236_xvid,?,1,1.0,0.9375,1.0,1.0,1.0,0.9750000000000001,0.284978985786438,0.20680730044841766,0.24184340238571167,0.2663702666759491,0.9641644954681396,0.9025657773017883,0.9065850377082825,0.916395366191864,0.8833217620849609,0.9218893647193909
fights_fi256_xvid,?,1,1.0,0.8125,0.96875,0.96875,1.0,0.9187500000000001,0.28211843967437744,0.20062971115112305,0.2353300303220749,0.2819218039512634,0.9538149833679199,0.9027424454689026,0.8986079096794128,0.9011113047599792,0.8605477809906006,0.9140712022781372
fights_fi258_xvid,?,1,1.0,0.96875,1.0,1.0,1.0,0.9875,0.283218652009964,0.2076358199119568,0.24351660907268524,0.2656289339065552,0.9306682348251343,0.8843045830726624,0.9031306505203247,0.8957207202911377,0.8513877987861633,0.9090585708618164
fights_fi25_xvid,?,1,1.0,1.0,1.0,1.0,1.0,1.0,0.20855610072612762,0.2600178122520447,0.2762420177459717,0.25518402457237244,0.8932719826698303,0.7981852889060974,0.8704688549041748,0.8575860261917114,0.8312804102897644,0.8891234993934631
fights_fi264_xvid,?,1,1.0,1.0,1.0,1.0,1.0,1.0,0.20855610072612762,0.2600178122520447,0.2762420177459717,0.25518402457237244,0.9604992866516113,0.8957895636558533,0.8999592065811157,0.9170612692832947,0.880233883857727,0.921904981136322
fights_fi266_xvid,?,1,1.0,1.0,1.0,1.0,1.0,1.0,0.20855610072612762,0.2600178122520447,0.2762420177459717,0.25518402457237244,0.9633188843727112,0.9059341549873352,0.9085565209388733,0.9205194115638733,0.8902878165245056,0.9284231662750244
fights_fi268_xvid,?,1,1.0,1.0,1.0,1.0,1.0,1.0,0.20855610072612762,0.2600178122520447,0.2762420177459717,0.25518402457237244,0.9593486785888672,0.9078953266143799,0.9096587896347046,0.9210798144340515,0.8862214684486389,0.9266617298126221
fights_fi269_xvid,?,1,1.0,1.0,1.0,1.0,1.0,1.0,0.20855610072612762,0.2600178122520447,0.2762420177459717,0.25518402457237244,0.9631377458572388,0.8992543816566467,0.9109705686569214,0.910184383392334,0.8715114593505859,0.9201170802116394
fights_fi271_xvid,?,1,1.0,1.0,1.0,1.0,1.0,1.0,0.20855610072612762,0.2600178122520447,0.2762420177459717,0.25518402457237244,0.9596996307373047,0.909371554851532,0.9082034826278687,0.9201396107673645,0.8844518065452576,0.9265972375869751
fights_fi275_xvid,?,1,1.0,1.0,1.0,1.0,1.0,1.0,0.20855610072612762,0.2600178122520447,0.2762420177459717,0.25518402457237244,0.9608497023582458,0.909858226776123,0.9056729078292847,0.9226239919662476,0.8887268900871277,0.928459882736206
fights_fi276_xvid,?,1,1.0,1.0,1.0,1.0,1.0,1.0,0.20855610072612762,0.2600178122520447,0.2762420177459717,0.25518402457237244,0.9602559804916382,0.9105247259140015,0.9081870913505554,0.9228670597076416,0.8930758833885193,0.9299002885818481
fights_fi294_xvid,?,1,1.0,1.0,1.0,1.0,1.0,1.0,0.20855610072612762,0.2600178122520447,0.2762420177459717,0.25518402457237244,0.04747185483574867,0.17483457922935486,0.12130304425954819,0.10571039468050003,0.10837067663669586,0.09197693318128586
fights_fi296_xvid,?,1,1.0,0.84375,1.0,1.0,1.0,0.9375,0.2854916751384735,0.20656585693359375,0.24135755002498627,0.26658496260643005,0.9512033462524414,0.8988896608352661,0.9090155363082886,0.914027214050293,0.8735612034797668,0.920799195766449
fights_fi307_xvid,?,1,1.0,0.375,1.0,1.0,1.0,0.75,0.28558415174484253,0.20652227103710175,0.24126994609832764,0.2666236162185669,0.8079092502593994,0.7379918098449707,0.8254796862602234,0.8544036746025085,0.7989727854728699,0.8769451379776001
fights_fi30_xvid,?,1,1.0,0.78125,1.0,1.0,1.0,0.9125000000000001,0.2855399549007416,0.20654310286045074,0.24131181836128235,0.2666051387786865,0.9442798495292664,0.9042875170707703,0.9054537415504456,0.904177188873291,0.8621309399604797,0.918095588684082
fights_fi312_xvid,?,1,1.0,1.0,1.0,1.0,1.0,1.0,0.20855610072612762,0.2600178122520447,0.2762420177459717,0.25518402457237244,0.9515966176986694,0.8455919623374939,0.6184472441673279,0.8656595349311829,0.812545120716095,0.8825775980949402
fights_fi333_xvid,?,1,1.0,1.0,1.0,1.0,1.0,1.0,0.20855610072612762,0.2600178122520447,0.2762420177459717,0.25518402457237244,0.9617176055908203,0.8693587779998779,0.8305689096450806,0.9093338251113892,0.8686250448226929,0.9125646352767944
fights_fi348_xvid,?,1,0.96875,0.78125,1.0,1.0,1.0,0.8999999999999999,0.2834629714488983,0.21439166367053986,0.24554115533828735,0.25660422444343567,0.9626729488372803,0.8716997504234314,0.8923580050468445,0.896183967590332,0.8458005785942078,0.8983377814292908
fights_fi352_xvid,?,1,1.0,1.0,1.0,1.0,1.0,1.0,0.20855610072612762,0.2600178122520447,0.2762420177459717,0.25518402457237244,0.8962451219558716,0.724213719367981,0.7672596573829651,0.8445549607276917,0.7950410842895508,0.8669272065162659
fights_fi355_xvid,?,1,1.0,0.71875,1.0,1.0,1.0,0.8875,0.28555986285209656,0.20653373003005981,0.24129299819469452,0.2666134536266327,0.9552558660507202,0.8557271957397461,0.8679660558700562,0.873879611492157,0.827541708946228,0.8931915163993835
fights_fi35_xvid,?,1,1.0,1.0,1.0,1.0,1.0,1.0,0.20855610072612762,0.2600178122520447,0.2762420177459717,0.25518402457237244,0.9516270756721497,0.9025084972381592,0.9003626108169556,0.9222967624664307,0.887053370475769,0.9230179786682129
fights_fi367_xvid,?,1,1.0,1.0,1.0,1.0,1.0,1.0,0.20855610072612762,0.2600178122520447,0.2762420177459717,0.25518402457237244,0.950545072555542,0.8421341776847839,0.6802563667297363,0.8918718099594116,0.7688683867454529,0.8627651929855347
fights_fi372_xvid,?,1,1.0,1.0,1.0,1.0,1.0,1.0,0.20855610072612762,0.2600178122520447,0.2762420177459717,0.25518402457237244,0.7092757225036621,0.7132097482681274,0.4840461015701294,0.8330345749855042,0.47573497891426086,0.6626195311546326
fights_fi373_xvid,?,1,1.0,1.0,1.0,1.0,1.0,1.0,0.20855610072612762,0.2600178122520447,0.2762420177459717,0.25518402457237244,0.27049964666366577,0.5212864279747009,0.27851107716560364,0.8028513193130493,0.584710419178009,0.716643750667572
fights_fi379_xvid,?,1,0.46875,0.03125,0.75,0.375,0.5,0.275,0.2604861855506897,0.21246379613876343,0.27634915709495544,0.25070083141326904,0.912282407283783,0.7694293260574341,0.806846559047699,0.8756359219551086,0.7899680137634277,0.8363369703292847
fights_fi37_xvid,?,1,1.0,1.0,1.0,1.0,1.0,1.0,0.20855610072612762,0.2600178122520447,0.2762420177459717,0.25518402457237244,0.9196923971176147,0.8956525325775146,0.8853188753128052,0.9212818145751953,0.8809751272201538,0.9182867407798767
fights_fi386_xvid,?,1,0.65625,0.15625,0.78125,0.53125,0.65625,0.43125,0.2647055983543396,0.20656350255012512,0.26699697971343994,0.2617339491844177,0.9567037224769592,0.8746993541717529,0.8709750175476074,0.8715837001800537,0.8263713717460632,0.8810917139053345
fights_fi390_xvid,?,1,0.9375,0.5625,1.0,0.9375,0.9375,0.7875,0.2783111333847046,0.209884911775589,0.2510691285133362,0.26073476672172546,0.026229681447148323,0.11112821102142334,0.08751525729894638,0.2553156018257141,0.1274716705083847,0.11026263982057571
fights_fi394_xvid,?,1,0.6875,0.625,0.8125,0.75,0.9375,0.675,0.2588368058204651,0.2266777902841568,0.28378310799598694,0.23070232570171356,0.940523087978363,0.8006865978240967,0.5497658252716064,0.8963696360588074,0.8459839820861816,0.8868016600608826
fights_fi396_xvid,?,1,0.96875,0.59375,1.0,0.96875,0.96875,0.81875,0.2820643484592438,0.20816317200660706,0.2460860013961792,0.26368653774261475,0.9575241804122925,0.8988505601882935,0.9033326506614685,0.9064079523086548,0.8544263243675232,0.907475471496582
fights_fi39_xvid,?,1,1.0,0.9375,1.0,1.0,1.0,0.9750000000000001,0.284978985786438,0.20680730044841766,0.24184340238571167,0.2663702666759491,0.9560630321502686,0.9094665050506592,0.9134609699249268,0.9143763184547424,0.871310293674469,0.9222308397293091
fights_fi3_xvid,?,1,1.0,1.0,1.0,1.0,1.0,1.0,0.20855610072612762,0.2600178122520447,0.2762420177459717,0.25518402457237244,0.943241536617279,0.8804348707199097,0.8988810777664185,0.8878886103630066,0.8567743897438049,0.9121602773666382
fights_fi405_xvid,?,1,1.0,1.0,1.0,1.0,1.0,1.0,0.20855610072612762,0.2600178122520447,0.2762420177459717,0.25518402457237244,0.11984087526798248,0.29655393958091736,0.17398247122764587,0.6352061033248901,0.4252462387084961,0.5697299242019653
fights_fi40_xvid,?,1,0.0,0.0,0.9375,0.0,0.0,0.0,0.27875638008117676,0.20346388220787048,0.3017650842666626,0.21601468324661255,0.4946053624153137,0.1830989420413971,0.17855146527290344,0.12526874244213104,0.1688283532857895,0.129886656999588
fights_fi412_xvid,?,1,0.84375,0.625,0.96875,0.84375,0.84375,0.7562500000000001,0.2611534297466278,0.2179371565580368,0.2732231020927429,0.24768631160259247,0.5886819958686829,0.09510786086320877,0.12321111559867859,0.10701530426740646,0.13807861506938934,0.10000098496675491
fights_fi415_xvid,?,1,1.0,1.0,1.0,1.0,1.0,1.0,0.20855610072612762,0.2600178122520447,0.2762420177459717,0.25518402457237244,0.9376628994941711,0.9012089371681213,0.8999964594841003,0.917017936706543,0.8761310577392578,0.9208431839942932
fights_fi422_xvid,?,1,1.0,1.0,1.0,1.0,1.0,1.0,0.20855610072612762,0.2600178122520447,0.2762420177459717,0.25518402457237244,0.9565085768699646,0.8823949694633484,0.8763663172721863,0.8973245620727539,0.8514232039451599,0.9096351265907288
fights_fi424_xvid,?,1,1.0,1.0,1.0,1.0,1.0,1.0,0.20855610072612762,0.2600178122520447,0.2762420177459717,0.25518402457237244,0.6543744802474976,0.7488737106323242,0.7837951183319092,0.8385778665542603,0.8162254095077515,0.8778491616249084
fights_fi425_xvid,?,1,1.0,1.0,1.0,1.0,1.0,1.0,0.20855610072612762,0.2600178122520447,0.2762420177459717,0.25518402457237244,0.9340060353279114,0.8497797846794128,0.815111517906189,0.8891470432281494,0.8332985043525696,0.8966095447540283
fights_fi430_xvid,?,1,1.0,1.0,1.0,1.0,1.0,1.0,0.20855610072612762,0.2600178122520447,0.2762420177459717,0.25518402457237244,0.7018136978149414,0.6760261058807373,0.833694338798523,0.8437586426734924,0.8140082359313965,0.8736346960067749
fights_fi437_xvid,?,1,1.0,0.96875,1.0,1.0,1.0,0.9875,0.283218652009964,0.2076358199119568,0.24351660907268524,0.2656289339065552,0.9619749188423157,0.8804038763046265,0.910081684589386,0.9024668335914612,0.8540493249893188,0.90865159034729
fights_fi440_xvid,?,1,1.0,1.0,1.0,1.0,1.0,1.0,0.20855610072612762,0.2600178122520447,0.2762420177459717,0.25518402457237244,0.9689490795135498,0.9160140752792358,0.9188080430030823,0.9133233428001404,0.8699054718017578,0.91702800989151
fights_fi442_xvid,?,1,0.96875,0.78125,1.0,0.96875,0.96875,0.8937499999999999,0.27826979756355286,0.20990410447120667,0.251107782125473,0.26071834564208984,0.9547675848007202,0.9063392281532288,0.899371325969696,0.9063319563865662,0.8504266142845154,0.9079893827438354
fights_fi450_xvid,?,1,1.0,1.0,1.0,1.0,1.0,1.0,0.20855610072612762,0.2600178122520447,0.2762420177459717,0.25518402457237244,0.9648853540420532,0.8395689725875854,0.8530193567276001,0.8980603218078613,0.842491865158081,0.9039627313613892
fights_fi452_xvid,?,1,1.0,1.0,1.0,1.0,1.0,1.0,0.20855610072612762,0.2600178122520447,0.2762420177459717,0.25518402457237244,0.9515339136123657,0.8944955468177795,0.9042590856552124,0.9154110550880432,0.8823832869529724,0.9234756231307983
fights_fi457_xvid,?,1,1.0,1.0,1.0,1.0,1.0,1.0,0.20855610072612762,0.2600178122520447,0.2762420177459717,0.25518402457237244,0.8951259851455688,0.8442517518997192,0.8786624670028687,0.8742451667785645,0.8381396532058716,0.8982080817222595
fights_fi472_xvid,?,1,1.0,1.0,1.0,1.0,1.0,1.0,0.20855610072612762,0.2600178122520447,0.2762420177459717,0.25518402457237244,0.9530630111694336,0.8214560151100159,0.8742945790290833,0.891194760799408,0.8692936301231384,0.915126621723175
fights_fi473_xvid,?,1,1.0,1.0,1.0,1.0,1.0,1.0,0.20855610072612762,0.2600178122520447,0.2762420177459717,0.25518402457237244,0.9633021950721741,0.8301116824150085,0.8599334955215454,0.8864772319793701,0.8522362112998962,0.9060933589935303
fights_fi474_xvid,?,1,1.0,1.0,1.0,1.0,1.0,1.0,0.20855610072612762,0.2600178122520447,0.2762420177459717,0.25518402457237244,0.7724676728248596,0.7485640645027161,0.8111273646354675,0.8611222505569458,0.8422747850418091,0.8977799415588379
fights_fi483_xvid,?,1,0.9375,0.09375,1.0,0.9375,0.9375,0.6,0.28248128294944763,0.20797014236450195,0.2455289661884308,0.26401957869529724,0.9114899635314941,0.8822047710418701,0.8766297698020935,0.8777583241462708,0.8226049542427063,0.888818085193634
fights_fi491_xvid,?,1,0.9375,0.59375,1.0,0.9375,0.9375,0.8,0.27761003375053406,0.21020373702049255,0.251986563205719,0.2601996958255768,0.9141390323638916,0.8387428522109985,0.8884055018424988,0.8901954293251038,0.7975786924362183,0.8738064169883728
fights_fi500_xvid,?,1,0.9375,0.9375,1.0,1.0,1.0,0.95,0.23534096777439117,0.22727206349372864,0.30343329906463623,0.23395371437072754,0.9269830584526062,0.9029517769813538,0.8962799906730652,0.9182867407798767,0.8835257887840271,0.9214907884597778
fights_fi50_xvid,?,1,1.0,1.0,1.0,1.0,1.0,1.0,0.20855610072612762,0.2600178122520447,0.2762420177459717,0.25518402457237244,0.9598245024681091,0.9096332788467407,0.906282901763916,0.9180220365524292,0.8817399144172668,0.9273654222488403
fights_fi52_xvid,?,1,1.0,1.0,1.0,1.0,1.0,1.0,0.20855610072612762,0.2600178122520447,0.2762420177459717,0.25518402457237244,0.9649050831794739,0.9027666449546814,0.9105324745178223,0.906548798084259,0.8696402311325073,0.9192566871643066
fights_fi59_xvid,?,1,1.0,0.90625,0.96875,0.96875,1.0,0.95625,0.2703959345817566,0.198885977268219,0.224359929561615,0.30635812878608704,0.9550979137420654,0.9109712839126587,0.9029902815818787,0.9041476845741272,0.877517819404602,0.9239841103553772
fights_fi60_xvid,?,1,0.96875,0.5,1.0,0.96875,0.96875,0.78125,0.28279563784599304,0.2078244537115097,0.2451009601354599,0.26427891850471497,0.926676869392395,0.8960469365119934,0.8970481753349304,0.9000906348228455,0.8502367734909058,0.9058640003204346
fights_fi68_xvid,?,1,1.0,1.0,1.0,1.0,1.0,1.0,0.20855610072612762,0.2600178122520447,0.2762420177459717,0.25518402457237244,0.9436869621276855,0.8485262989997864,0.8471925854682922,0.8815774321556091,0.8464303612709045,0.9068841934204102
fights_fi73_xvid,?,1,1.0,1.0,1.0,1.0,1.0,1.0,0.20855610072612762,0.2600178122520447,0.2762420177459717,0.25518402457237244,0.9469763040542603,0.9048101305961609,0.9058027863502502,0.9159920811653137,0.8847169280052185,0.9276990294456482
fights_fi80_xvid,?,1,1.0,1.0,1.0,1.0,1.0,1.0,0.20855610072612762,0.2600178122520447,0.2762420177459717,0.25518402457237244,0.93953537940979,0.8859509825706482,0.8918270468711853,0.9127388000488281,0.8644825220108032,0.9146274328231812
fights_fi82_xvid,?,1,1.0,0.96875,1.0,1.0,1.0,0.9875,0.283218652009964,0.2076358199119568,0.24351660907268524,0.2656289339065552,0.9567508697509766,0.9019991159439087,0.9113103151321411,0.9076168537139893,0.8625336289405823,0.9189624190330505
fights_fi85_xvid,?,1,1.0,0.96875,1.0,1.0,1.0,0.9875,0.283218652009964,0.2076358199119568,0.24351660907268524,0.2656289339065552,0.4358748197555542,0.6572590470314026,0.6811224818229675,0.829172670841217,0.7802354693412781,0.8563691973686218
fights_fi88_xvid,?,1,1.0,0.78125,1.0,1.0,1.0,0.9125000000000001,0.2855399549007416,0.20654310286045074,0.24131181836128235,0.2666051387786865,0.9671177268028259,0.9136319756507874,0.872901439666748,0.9045307040214539,0.8786986470222473,0.9221540093421936
fights_fi91_xvid,?,1,1.0,0.96875,1.0,1.0,1.0,0.9875,0.283218652009964,0.2076358199119568,0.24351660907268524,0.2656289339065552,0.956723690032959,0.913787841796875,0.9097897410392761,0.923682689666748,0.8909152150154114,0.9297317862510681
fights_fi97_xvid,?,1,1.0,0.78125,1.0,1.0,1.0,0.9125000000000001,0.2855399549007416,0.20654310286045074,0.24131181836128235,0.2666051387786865,0.9489730596542358,0.9009003043174744,0.8945176005363464,0.9010317921638489,0.859516441822052,0.9131687879562378
nofights_no103_xvid,?,0,0.75,0.0625,1.0,0.75,0.75,0.4750000000000001,0.26915597915649414,0.21398532390594482,0.2628694474697113,0.2539892792701721,0.019588414579629898,0.06048441678285599,0.0654059574007988,0.05754253640770912,0.09261559695005417,0.06065943464636803
nofights_no111_xvid,?,0,1.0,1.0,1.0,1.0,1.0,1.0,0.20855610072612762,0.2600178122520447,0.2762420177459717,0.25518402457237244,0.10506336390972137,0.288687527179718,0.2529590129852295,0.4951761066913605,0.28792527318000793,0.2861996293067932
nofights_no112_xvid,?,0,1.0,1.0,1.0,1.0,1.0,1.0,0.20855610072612762,0.2600178122520447,0.2762420177459717,0.25518402457237244,0.5962209105491638,0.34820064902305603,0.25329381227493286,0.16065950691699982,0.1312144696712494,0.11510733515024185
nofights_no114_xvid,?,0,1.0,1.0,1.0,1.0,1.0,1.0,0.20855610072612762,0.2600178122520447,0.2762420177459717,0.25518402457237244,0.14646166563034058,0.2104998379945755,0.11906635761260986,0.09878738224506378,0.0963113084435463,0.08113494515419006
nofights_no115_xvid,?,0,1.0,0.84375,1.0,1.0,1.0,0.9375,0.2854916751384735,0.20656585693359375,0.24135755002498627,0.26658496260643005,0.02429254911839962,0.0708901584148407,0.07334703952074051,0.06439581513404846,0.09385241568088531,0.06257070600986481
nofights_no120_xvid,?,0,1.0,1.0,1.0,1.0,1.0,1.0,0.20855610072612762,0.2600178122520447,0.2762420177459717,0.25518402457237244,0.8666857481002808,0.7291089296340942,0.8167377710342407,0.7932380437850952,0.667090892791748,0.7642951011657715
nofights_no121_xvid,?,0,1.0,1.0,1.0,1.0,1.0,1.0,0.20855610072612762,0.2600178122520447,0.2762420177459717,0.25518402457237244,0.10217373818159103,0.07816439867019653,0.07346384972333908,0.06965211033821106,0.09554505348205566,0.07212444394826889
nofights_no132_xvid,?,0,0.0,0.0,1.0,0.0,0.0,0.0,0.27875658869743347,0.20346379280090332,0.3017650842666626,0.216014564037323,0.4946053624153137,0.1830989420413971,0.1488971710205078,0.11188311874866486,0.1656847894191742,0.12339167296886444
nofights_no133_xvid,?,0,1.0,0.96875,1.0,1.0,1.0,0.9875,0.283218652009964,0.2076358199119568,0.24351660907268524,0.2656289339065552,0.0657292902469635,0.47369661927223206,0.40199196338653564,0.2038629800081253,0.18806737661361694,0.14838118851184845
nofights_no137_xvid,?,0,1.0,1.0,1.0,1.0,1.0,1.0,0.20855610072612762,0.2600178122520447,0.2762420177459717,0.25518402457237244,0.5012394785881042,0.47016486525535583,0.22178946435451508,0.13396160304546356,0.10573792457580566,0.09479805827140808
nofights_no140_xvid,?,0,0.75,0.5,0.9375,0.75,0.75,0.65,0.2605627179145813,0.21759992837905884,0.2758636176586151,0.24597373604774475,0.0926906019449234,0.4688869118690491,0.5517781376838684,0.4832873046398163,0.41247859597206116,0.2910187244415283
nofights_no143_xvid,?,0,1.0,1.0,1.0,1.0,1.0,1.0,0.20855610072612762,0.2600178122520447,0.2762420177459717,0.25518402457237244,0.26693886518478394,0.4653124511241913,0.32998302578926086,0.2455630898475647,0.2627607583999634,0.23224076628684998
nofights_no145_xvid,?,0,0.75,0.03125,0.96875,0.75,0.75,0.4625000000000001,0.2719072103500366,0.212766632437706,0.2593603730201721,0.25596579909324646,0.1230839416384697,0.08224666118621826,0.07839629799127579,0.09175068140029907,0.11443498730659485,0.06987576931715012
nofights_no147_xvid,?,0,0.5625,0.0625,0.78125,0.5625,0.5625,0.3625,0.2657913565635681,0.21546104550361633,0.26713353395462036,0.2516140639781952,0.05805058032274246,0.06544260680675507,0.0786205604672432,0.06107214465737343,0.10084742307662964,0.06378927826881409
nofights_no148_xvid,?,0,1.0,0.65625,1.0,1.0,1.0,0.8625,0.2855699360370636,0.20652897655963898,0.24128344655036926,0.26661765575408936,0.7693917751312256,0.8254060745239258,0.5668894648551941,0.289213627576828,0.26503169536590576,0.23128806054592133
nofights_no152_xvid,?,0,0.96875,0.5625,1.0,0.96875,0.96875,0.80625,0.2823469042778015,0.20803239941596985,0.24570614099502563,0.2639145255088806,0.021999970078468323,0.0710274800658226,0.07062981277704239,0.07210922241210938,0.10506269335746765,0.06542765349149704
nofights_no158_xvid,?,0,1.0,0.5,0.96875,0.96875,1.0,0.7937500000000001,0.2858656346797943,0.2033887803554535,0.23991745710372925,0.27082812786102295,0.06765159964561462,0.6725093126296997,0.5798558592796326,0.32006707787513733,0.25194641947746277,0.2246350795030594
nofights_no165_xvid,?,0,1.0,1.0,1.0,1.0,1.0,1.0,0.20855610072612762,0.2600178122520447,0.2762420177459717,0.25518402457237244,0.09966402500867844,0.2643580734729767,0.1512226164340973,0.15221327543258667,0.11340781301259995,0.10042241215705872
nofights_no172_xvid,?,0,0.78125,0.34375,0.84375,0.78125,0.8125,0.60625,0.27940458059310913,0.20938599109649658,0.24963140487670898,0.2615780532360077,0.5142220854759216,0.2609499394893646,0.18863771855831146,0.22154541313648224,0.21930797398090363,0.1360989212989807
nofights_no174_xvid,?,0,0.90625,0.75,0.84375,0.84375,0.90625,0.83125,0.26442623138427734,0.19860219955444336,0.2195037454366684,0.3174678385257721,0.030320905148983,0.07185595482587814,0.0971091240644455,0.07613125443458557,0.09812238812446594,0.06955529004335403
nofights_no176_xvid,?,0,0.9375,0.71875,0.875,0.875,0.9375,0.8375000000000001,0.2745458781719208,0.1989738792181015,0.2276473045349121,0.2988329529762268,0.32398268580436707,0.08272943645715714,0.07573802769184113,0.06797323375940323,0.09560041129589081,0.06469584256410599
nofights_no18_xvid,?,0,0.9375,0.46875,0.96875,0.90625,0.9375,0.74375,0.2802257537841797,0.20596148073673248,0.24772605299949646,0.2660866975784302,0.5673933029174805,0.11870034039020538,0.1036248505115509,0.06704875081777573,0.10831284523010254,0.0724577084183693
nofights_no192_xvid,?,0,0.875,0.21875,0.90625,0.875,0.875,0.6125,0.283616840839386,0.2074427753686905,0.24398644268512726,0.2649539113044739,0.04697977378964424,0.08335666358470917,0.0757482498884201,0.0623709112405777,0.09281539916992188,0.06070425361394882
nofights_no198_xvid,?,0,1.0,0.0,1.0,1.0,1.0,0.6000000000000001,0.28558793663978577,0.20652049779891968,0.2412663847208023,0.26662516593933105,0.34396475553512573,0.8659013509750366,0.8755277991294861,0.8879895210266113,0.8251988887786865,0.8925557732582092
nofights_no1_xvid,?,0,1.0,0.84375,1.0,1.0,1.0,0.9375,0.2854916751384735,0.20656585693359375,0.24135755002498627,0.26658496260643005,0.9160649180412292,0.735456645488739,0.8207597732543945,0.5965476036071777,0.36980894207954407,0.4452786445617676
nofights_no200_xvid,?,0,1.0,0.96875,1.0,1.0,1.0,0.9875,0.283218652009964,0.2076358199119568,0.24351660907268524,0.2656289339065552,0.929383397102356,0.9095984697341919,0.9044353365898132,0.9165803790092468,0.8654822707176208,0.9107866287231445
nofights_no201_xvid,?,0,1.0,1.0,1.0,1.0,1.0,1.0,0.20855610072612762,0.2600178122520447,0.2762420177459717,0.25518402457237244,0.23384052515029907,0.2541966736316681,0.1717318296432495,0.11649350821971893,0.10579589009284973,0.09217720478773117
nofights_no203_xvid,?,0,1.0,0.96875,1.0,1.0,1.0,0.9875,0.283218652009964,0.2076358050107956,0.24351659417152405,0.2656289339065552,0.372429758310318,0.13745354115962982,0.08689649403095245,0.07383383810520172,0.09276477992534637,0.06779380142688751
nofights_no205_xvid,?,0,1.0,0.03125,0.96875,0.96875,1.0,0.6062500000000001,0.2857791781425476,0.20491035282611847,0.2405421882867813,0.26876822113990784,0.21871598064899445,0.09382709860801697,0.07944703847169876,0.06516746431589127,0.08946435153484344,0.06040441244840622
nofights_no208_xvid,?,0,0.96875,0.09375,1.0,0.96875,0.96875,0.61875,0.28412145376205444,0.20720753073692322,0.24329672753810883,0.2653743028640747,0.3658609092235565,0.1118278056383133,0.08144643157720566,0.062266819179058075,0.09223724901676178,0.06323077529668808
nofights_no213_xvid,?,0,1.0,0.875,1.0,1.0,1.0,0.95,0.2854362726211548,0.2065919190645218,0.24140998721122742,0.2665617763996124,0.07032343745231628,0.15459269285202026,0.09473637491464615,0.07547622919082642,0.0902625098824501,0.0642676129937172
nofights_no222_xvid,?,0,1.0,0.59375,1.0,1.0,1.0,0.8375000000000001,0.2855757176876068,0.2065262496471405,0.24127794802188873,0.26662009954452515,0.022981204092502594,0.06623368710279465,0.0663975402712822,0.05756298080086708,0.09407773613929749,0.06101420521736145
nofights_no223_xvid,?,0,0.96875,0.3125,1.0,0.96875,0.96875,0.7062499999999999,0.283616840839386,0.2074427753686905,0.24398644268512726,0.2649539113044739,0.02354259602725506,0.07847486436367035,0.06710124015808105,0.061623428016901016,0.08936513215303421,0.05749361217021942
nofights_no227_xvid,?,0,1.0,0.96875,1.0,1.0,1.0,0.9875,0.283218652009964,0.2076358050107956,0.24351659417152405,0.2656289339065552,0.7780176401138306,0.6711591482162476,0.17137545347213745,0.27117669582366943,0.15303590893745422,0.14119094610214233
nofights_no229_xvid,?,0,0.96875,0.84375,1.0,0.96875,0.96875,0.9187500000000001,0.27434155344963074,0.21168017387390137,0.25619494915008545,0.25778332352638245,0.03501517325639725,0.0682002604007721,0.07959705591201782,0.07045695930719376,0.10388689488172531,0.07620538771152496
nofights_no234_xvid,?,0,0.90625,0.53125,0.8125,0.8125,0.90625,0.7375,0.2771448493003845,0.19928595423698425,0.23040233552455902,0.2931668758392334,0.06214883551001549,0.07367055863142014,0.0915982648730278,0.071158766746521,0.09734506905078888,0.0651206225156784
nofights_no236_xvid,?,0,1.0,1.0,1.0,1.0,1.0,1.0,0.20855610072612762,0.2600178122520447,0.2762420177459717,0.25518402457237244,0.1419307440519333,0.20764683187007904,0.15002989768981934,0.10927764326334,0.1050814762711525,0.09036918729543686
nofights_no256_xvid,?,0,1.0,0.21875,1.0,1.0,1.0,0.6875,0.2855863869190216,0.20652122795581818,0.2412678450345993,0.2666245400905609,0.10750068724155426,0.07860887050628662,0.07924871146678925,0.06782781332731247,0.0941501259803772,0.06102808564901352
nofights_no258_xvid,?,0,1.0,0.90625,1.0,1.0,1.0,0.9625000000000001,0.2853170335292816,0.2066480964422226,0.24152298271656036,0.2665118873119354,0.055023763328790665,0.08942858129739761,0.07005728781223297,0.0635676234960556,0.08584056049585342,0.059035949409008026
nofights_no25_xvid,?,0,1.0,0.65625,1.0,1.0,1.0,0.8625,0.2855699360370636,0.20652897655963898,0.24128344655036926,0.26661765575408936,0.06516621261835098,0.08007901161909103,0.066241055727005,0.059429340064525604,0.09121933579444885,0.05865611508488655
nofights_no264_xvid,?,0,0.90625,0.71875,0.96875,0.90625,0.90625,0.8312500000000002,0.2705185115337372,0.2133837789297104,0.26112037897109985,0.25497734546661377,0.15172179043293,0.08862629532814026,0.09046877920627594,0.06320153176784515,0.09278523176908493,0.061072103679180145
nofights_no266_xvid,?,0,1.0,0.03125,1.0,1.0,1.0,0.6125,0.28558778762817383,0.20652057230472565,0.24126654863357544,0.2666251063346863,0.3602618873119354,0.5446736812591553,0.4978570342063904,0.23504891991615295,0.20154966413974762,0.14583782851696014
nofights_no268_xvid,?,0,1.0,1.0,1.0,1.0,1.0,1.0,0.20855610072612762,0.2600178122520447,0.2762420177459717,0.25518402457237244,0.16820524632930756,0.09997789561748505,0.10250814259052277,0.07962002605199814,0.10021957010030746,0.07736455649137497
nofights_no269_xvid,?,0,1.0,0.28125,1.0,1.0,1.0,0.7125000000000001,0.2855856418609619,0.20652155578136444,0.24126851558685303,0.26662421226501465,0.7376947402954102,0.8760830163955688,0.878469705581665,0.6690671443939209,0.5422860980033875,0.595523476600647
nofights_no271_xvid,?,0,1.0,1.0,1.0,1.0,1.0,1.0,0.20855610072612762,0.2600178122520447,0.2762420177459717,0.25518402457237244,0.9197676777839661,0.6989682912826538,0.7076106071472168,0.8393142223358154,0.6879917979240417,0.8199624419212341
nofights_no275_xvid,?,0,1.0,1.0,1.0,1.0,1.0,1.0,0.20855610072612762,0.2600178122520447,0.2762420177459717,0.25518402457237244,0.17240625619888306,0.2485388070344925,0.16654618084430695,0.1185227632522583,0.11872909963130951,0.10810451954603195
nofights_no276_xvid,?,0,1.0,1.0,1.0,1.0,1.0,1.0,0.20855610072612762,0.2600178122520447,0.2762420177459717,0.25518402457237244,0.6952980160713196,0.14004874229431152,0.10929331183433533,0.10538454353809357,0.1275612860918045,0.10406394302845001
nofights_no294_xvid,?,0,0.875,0.5625,1.0,0.875,0.875,0.7500000000000001,0.26747870445251465,0.2147231251001358,0.264994740486145,0.25280338525772095,0.07195853441953659,0.06645016372203827,0.07418960332870483,0.06351093202829361,0.09272822737693787,0.06122881919145584
nofights_no296_xvid,?,0,1.0,0.9375,1.0,1.0,1.0,0.9750000000000001,0.284978985786438,0.20680730044841766,0.24184340238571167,0.2663702666759491,0.03791913017630577,0.08123725652694702,0.0689525157213211,0.071790412068367,0.09151892364025116,0.06442339718341827
nofights_no307_xvid,?,0,1.0,1.0,1.0,1.0,1.0,1.0,0.20855610072612762,0.2600178122520447,0.2762420177459717,0.25518402457237244,0.07913532108068466,0.15193843841552734,0.08178934454917908,0.08781929314136505,0.09531033784151077,0.07503087818622589
nofights_no30_xvid,?,0,0.9375,0.78125,1.0,0.9375,0.9375,0.875,0.26743775606155396,0.21474184095859528,0.2650321125984192,0.2527883052825928,0.45804956555366516,0.13136348128318787,0.11252562701702118,0.07564029842615128,0.1151151955127716,0.08359447121620178
nofights_no312_xvid,?,0,1.0,1.0,1.0,1.0,1.0,1.0,0.20855610072612762,0.2600178122520447,0.2762420177459717,0.25518402457237244,0.07229694724082947,0.14665333926677704,0.11199772357940674,0.09605995565652847,0.1003517210483551,0.08484651893377304
nofights_no333_xvid,?,0,1.0,0.96875,1.0,1.0,1.0,0.9875,0.283218652009964,0.2076358199119568,0.24351660907268524,0.2656289339065552,0.02065863274037838,0.06763894855976105,0.07309975475072861,0.06880893558263779,0.0909416601061821,0.06872506439685822
nofights_no348_xvid,?,0,1.0,1.0,1.0,1.0,1.0,1.0,0.20855610072612762,0.2600178122520447,0.2762420177459717,0.25518402457237244,0.937446653842926,0.3684290647506714,0.19337326288223267,0.11795736849308014,0.11306426674127579,0.10457268357276917
nofights_no352_xvid,?,0,1.0,0.6875,1.0,1.0,1.0,0.875,0.2855656147003174,0.20653098821640015,0.2412874698638916,0.2666158378124237,0.022645197808742523,0.06853444874286652,0.06591644883155823,0.060183603316545486,0.08973448723554611,0.05834478139877319
nofights_no355_xvid,?,0,1.0,1.0,1.0,1.0,1.0,1.0,0.20855610072612762,0.2600178122520447,0.2762420177459717,0.25518402457237244,0.02844458632171154,0.17139862477779388,0.08128610253334045,0.07711996883153915,0.08595878630876541,0.06233697384595871
nofights_no35_xvid,?,0,1.0,1.0,1.0,1.0,1.0,1.0,0.20855610072612762,0.2600178122520447,0.2762420177459717,0.25518402457237244,0.40759095549583435,0.1655474156141281,0.21824777126312256,0.11311691999435425,0.13628393411636353,0.114140085875988
nofights_no367_xvid,?,0,1.0,0.65625,1.0,1.0,1.0,0.8625,0.2855699360370636,0.20652897655963898,0.24128344655036926,0.26661765575408936,0.034827206283807755,0.11047845333814621,0.0800226479768753,0.07263755798339844,0.09904523938894272,0.0657731145620346
nofights_no372_xvid,?,0,1.0,1.0,1.0,1.0,1.0,1.0,0.20855610072612762,0.2600178122520447,0.2762420177459717,0.25518402457237244,0.026636337861418724,0.3898579478263855,0.21340353786945343,0.2587055563926697,0.1679755598306656,0.16210496425628662
nofights_no373_xvid,?,0,1.0,0.96875,1.0,1.0,1.0,0.9875,0.283218652009964,0.2076358199119568,0.24351660907268524,0.2656289339065552,0.04063881188631058,0.10893507301807404,0.08358212560415268,0.07713326066732407,0.09655151516199112,0.07208040356636047
nofights_no379_xvid,?,0,1.0,1.0,1.0,1.0,1.0,1.0,0.20855610072612762,0.2600178122520447,0.2762420177459717,0.25518402457237244,0.9499117732048035,0.8305457830429077,0.8301615118980408,0.4428367018699646,0.41412994265556335,0.4006819427013397
nofights_no37_xvid,?,0,1.0,1.0,1.0,1.0,1.0,1.0,0.20855610072612762,0.2600178122520447,0.2762420177459717,0.25518402457237244,0.2472170889377594,0.09925083816051483,0.11335719376802444,0.08897954970598221,0.10160976648330688,0.08170177787542343
nofights_no386_xvid,?,0,1.0,1.0,1.0,1.0,1.0,1.0,0.20855610072612762,0.2600178122520447,0.2762420177459717,0.25518402457237244,0.016366958618164062,0.13343095779418945,0.07095827907323837,0.09137289971113205,0.08634278923273087,0.06240292266011238
nofights_no390_xvid,?,0,0.65625,0.28125,1.0,0.65625,0.65625,0.50625,0.2610475420951843,0.21624822914600372,0.2783200442790985,0.24438421428203583,0.027968628332018852,0.06325151026248932,0.06666199862957001,0.06321987509727478,0.0949462503194809,0.06022714823484421
nofights_no394_xvid,?,0,1.0,0.6875,1.0,1.0,1.0,0.875,0.2855656147003174,0.20653098821640015,0.2412874698638916,0.2666158378124237,0.02019140124320984,0.06588040292263031,0.06245598942041397,0.05647929757833481,0.08397714793682098,0.054039496928453445
nofights_no396_xvid,?,0,0.9375,0.59375,1.0,0.9375,0.9375,0.8,0.27761003375053406,0.21020375192165375,0.251986563205719,0.2601996958255768,0.029133621603250504,0.07175589352846146,0.0706917867064476,0.06412714719772339,0.0937168151140213,0.06008654087781906
nofights_no39_xvid,?,0,1.0,1.0,1.0,1.0,1.0,1.0,0.20855610072612762,0.2600178122520447,0.2762420177459717,0.25518402457237244,0.4153640568256378,0.11868174374103546,0.08134976029396057,0.07843067497015,0.09489833563566208,0.07095078378915787
nofights_no3_xvid,?,0,1.0,1.0,1.0,1.0,1.0,1.0,0.20855610072612762,0.2600178122520447,0.2762420177459717,0.25518402457237244,0.10786960273981094,0.11293981224298477,0.09185389429330826,0.07485737651586533,0.09618087857961655,0.06687919050455093
nofights_no405_xvid,?,0,0.96875,0.375,1.0,0.96875,0.96875,0.7312500000000001,0.28340235352516174,0.20754262804985046,0.24427847564220428,0.2647765576839447,0.330081582069397,0.07027200609445572,0.07418575137853622,0.061607807874679565,0.09518742561340332,0.061728328466415405
nofights_no40_xvid,?,0,1.0,0.9375,1.0,1.0,1.0,0.9750000000000001,0.284978985786438,0.20680730044841766,0.24184340238571167,0.2663702666759491,0.09129782766103745,0.07183713465929031,0.07486526668071747,0.06361319124698639,0.09248059242963791,0.06508400291204453
nofights_no412_xvid,?,0,1.0,0.9375,0.96875,0.96875,1.0,0.96875,0.25403082370758057,0.19950257241725922,0.21585489809513092,0.3306117057800293,0.9448721408843994,0.6678645014762878,0.1728769689798355,0.20703627169132233,0.13352704048156738,0.10241930186748505
nofights_no415_xvid,?,0,1.0,0.9375,1.0,1.0,1.0,0.9750000000000001,0.284978985786438,0.20680730044841766,0.24184340238571167,0.2663702666759491,0.5514804124832153,0.6654064059257507,0.8092039823532104,0.6391096115112305,0.4690963625907898,0.5312268137931824
nofights_no422_xvid,?,0,1.0,0.78125,1.0,1.0,1.0,0.9125000000000001,0.2855399549007416,0.20654310286045074,0.24131181836128235,0.2666051387786865,0.06760519742965698,0.22585628926753998,0.0809357538819313,0.08469824492931366,0.08799295127391815,0.06066761910915375
nofights_no424_xvid,?,0,0.90625,0.625,0.9375,0.84375,0.90625,0.78125,0.2698151767253876,0.2038135826587677,0.25783851742744446,0.26853272318840027,0.22525371611118317,0.08729596436023712,0.13035443425178528,0.08489053696393967,0.12424810975790024,0.0856320708990097
nofights_no425_xvid,?,0,1.0,1.0,1.0,1.0,1.0,1.0,0.20855610072612762,0.2600178122520447,0.2762420177459717,0.25518402457237244,0.05168912187218666,0.11845030635595322,0.07487066835165024,0.07144957780838013,0.0897669568657875,0.06766090542078018
nofights_no430_xvid,?,0,0.96875,0.5625,1.0,0.96875,0.96875,0.80625,0.2823469042778015,0.20803241431713104,0.24570614099502563,0.2639145255088806,0.03391057625412941,0.08073005080223083,0.07409675419330597,0.0666467547416687,0.09700972586870193,0.06405697762966156
nofights_no437_xvid,?,0,0.90625,0.25,1.0,0.90625,0.90625,0.64375,0.2794104218482971,0.2093832939863205,0.24962595105171204,0.26158037781715393,0.04601440951228142,0.09173718839883804,0.07958470284938812,0.06626516580581665,0.09303328394889832,0.06111257150769234
nofights_no440_xvid,?,0,0.875,0.4375,0.9375,0.84375,0.875,0.6937500000000001,0.2764930725097656,0.20755070447921753,0.2526693642139435,0.2632867991924286,0.025988614186644554,0.06057770177721977,0.0637851357460022,0.05964292213320732,0.09583653509616852,0.06355424970388412
nofights_no442_xvid,?,0,0.84375,0.21875,1.0,0.84375,0.84375,0.59375,0.27444642782211304,0.21163183450698853,0.2560977637767792,0.25782397389411926,0.11732090264558792,0.07524744421243668,0.07527236640453339,0.06388486921787262,0.10394567251205444,0.06855563819408417
nofights_no450_xvid,?,0,1.0,0.875,1.0,1.0,1.0,0.95,0.2854362726211548,0.2065919190645218,0.24140998721122742,0.2665617763996124,0.9174450039863586,0.3905726373195648,0.2823050320148468,0.1581108421087265,0.17240233719348907,0.14596614241600037
nofights_no452_xvid,?,0,0.96875,0.5,1.0,0.96875,0.96875,0.78125,0.28279563784599304,0.2078244537115097,0.2451009601354599,0.26427891850471497,0.015735018998384476,0.07441117614507675,0.06602317839860916,0.06365727633237839,0.09340345859527588,0.0618152990937233
nofights_no457_xvid,?,0,1.0,0.03125,1.0,1.0,1.0,0.6125,0.28558778762817383,0.20652057230472565,0.24126654863357544,0.2666251063346863,0.1033269464969635,0.12153831869363785,0.08849535137414932,0.07676281034946442,0.09145733714103699,0.06133237108588219
nofights_no472_xvid,?,0,1.0,0.8125,1.0,1.0,1.0,0.925,0.2855217754840851,0.206551656126976,0.24132902920246124,0.2665975093841553,0.02511085569858551,0.06087707728147507,0.07043322920799255,0.0567195750772953,0.08459320664405823,0.058724578469991684
nofights_no473_xvid,?,0,1.0,1.0,1.0,1.0,1.0,1.0,0.20855610072612762,0.2600178122520447,0.2762420177459717,0.25518402457237244,0.1225462555885315,0.15637627243995667,0.1295444369316101,0.10583694279193878,0.1031353697180748,0.08433045446872711
nofights_no474_xvid,?,0,1.0,0.4375,1.0,1.0,1.0,0.7750000000000001,0.2855827212333679,0.20652295649051666,0.24127133190631866,0.26662299036979675,0.023242071270942688,0.06340896338224411,0.0655975416302681,0.05655313655734062,0.0851784348487854,0.05483129248023033
nofights_no483_xvid,?,0,1.0,0.78125,1.0,1.0,1.0,0.9125000000000001,0.2855399549007416,0.20654310286045074,0.24131181836128235,0.2666051387786865,0.8119005560874939,0.21920287609100342,0.12328591197729111,0.09844392538070679,0.11895935237407684,0.0818159431219101
nofights_no491_xvid,?,0,1.0,0.71875,1.0,1.0,1.0,0.8875,0.28555986285209656,0.20653373003005981,0.24129299819469452,0.2666134536266327,0.03083902597427368,0.0718143880367279,0.0651978850364685,0.0658465325832367,0.08813513070344925,0.056774821132421494
nofights_no500_xvid,?,0,1.0,1.0,1.0,1.0,1.0,1.0,0.20855610072612762,0.2600178122520447,0.2762420177459717,0.25518402457237244,0.027576938271522522,0.1261686235666275,0.07083290815353394,0.08374082297086716,0.09007816016674042,0.06575313210487366
nofights_no50_xvid,?,0,1.0,1.0,1.0,1.0,1.0,1.0,0.20855610072612762,0.2600178122520447,0.2762420177459717,0.25518402457237244,0.09305521100759506,0.09591876715421677,0.09585064649581909,0.07894794642925262,0.09969314932823181,0.0772552639245987
nofights_no52_xvid,?,0,1.0,0.40625,0.90625,0.90625,1.0,0.74375,0.28265854716300964,0.2007463425397873,0.23570851981639862,0.2808866500854492,0.02477017231285572,0.06967127323150635,0.06630940735340118,0.0576089508831501,0.08979345858097076,0.057200513780117035
nofights_no59_xvid,?,0,1.0,0.90625,1.0,1.0,1.0,0.9625000000000001,0.2853170335292816,0.2066480964422226,0.24152298271656036,0.2665118873119354,0.18417026102542877,0.2073378711938858,0.2571164667606354,0.12748393416404724,0.15002742409706116,0.12281070649623871
nofights_no60_xvid,?,0,1.0,0.4375,1.0,1.0,1.0,0.7750000000000001,0.2855827212333679,0.20652295649051666,0.24127133190631866,0.26662299036979675,0.09001171588897705,0.10777265578508377,0.07698667794466019,0.06441612541675568,0.0970400795340538,0.0649891123175621
nofights_no68_xvid,?,0,1.0,0.46875,1.0,1.0,1.0,0.7875000000000001,0.2855817973613739,0.20652338862419128,0.2412722110748291,0.2666226327419281,0.029023390263319016,0.3200690746307373,0.09607735276222229,0.16020235419273376,0.14274345338344574,0.09242081642150879
nofights_no73_xvid,?,0,1.0,1.0,1.0,1.0,1.0,1.0,0.20855610072612762,0.2600178122520447,0.2762420177459717,0.25518402457237244,0.7597988843917847,0.30487963557243347,0.1760263890028,0.11510968208312988,0.1169457957148552,0.1005394235253334
nofights_no80_xvid,?,0,1.0,0.96875,1.0,1.0,1.0,0.9875,0.283218652009964,0.2076358199119568,0.24351660907268524,0.2656289339065552,0.08867239207029343,0.08221250772476196,0.0858989953994751,0.08368365466594696,0.12004392594099045,0.0885089710354805
nofights_no82_xvid,?,0,1.0,1.0,1.0,1.0,1.0,1.0,0.20855610072612762,0.2600178122520447,0.2762420177459717,0.25518402457237244,0.3476453721523285,0.5660859942436218,0.5885923504829407,0.39425984025001526,0.3046080470085144,0.3032461404800415
nofights_no85_xvid,?,0,1.0,0.96875,1.0,1.0,1.0,0.9875,0.283218652009964,0.2076358199119568,0.24351660907268524,0.2656289339065552,0.965651273727417,0.8461721539497375,0.863088846206665,0.8657848834991455,0.7364904880523682,0.8208748698234558
nofights_no88_xvid,?,0,0.96875,0.59375,1.0,0.96875,0.96875,0.81875,0.2820643484592438,0.20816317200660706,0.2460860013961792,0.26368653774261475,0.06319000571966171,0.08120840042829514,0.0805211067199707,0.07011891156435013,0.09672226756811142,0.06289108842611313
nofights_no91_xvid,?,0,1.0,1.0,1.0,1.0,1.0,1.0,0.20855610072612762,0.2600178122520447,0.2762420177459717,0.25518402457237244,0.8572998046875,0.6053845286369324,0.3140106499195099,0.25414901971817017,0.14736971259117126,0.15232451260089874
nofights_no97_xvid,?,0,1.0,1.0,1.0,1.0,1.0,1.0,0.20855610072612762,0.2600178122520447,0.2762420177459717,0.25518402457237244,0.08778022974729538,0.15226146578788757,0.09588383883237839,0.07751014828681946,0.09352757781744003,0.07410040497779846
